Source,Target,Type,timeset
1,2,Undirected,
1,3,Undirected,
1,7,Undirected,
1,8,Undirected,
1,10,Undirected,
1,13,Undirected,
1,21,Undirected,
1,25,Undirected,
1,28,Undirected,
1,30,Undirected,
1,31,Undirected,
1,32,Undirected,
1,33,Undirected,
1,34,Undirected,
1,36,Undirected,
1,39,Undirected,
1,41,Undirected,
1,43,Undirected,
1,45,Undirected,
1,46,Undirected,
1,53,Undirected,
1,57,Undirected,
1,60,Undirected,
1,61,Undirected,
1,62,Undirected,
1,67,Undirected,
1,74,Undirected,
1,75,Undirected,
1,76,Undirected,
1,78,Undirected,
1,79,Undirected,
1,80,Undirected,
1,81,Undirected,
1,90,Undirected,
1,91,Undirected,
1,93,Undirected,
1,101,Undirected,
1,104,Undirected,
1,106,Undirected,
1,107,Undirected,
1,109,Undirected,
1,111,Undirected,
1,112,Undirected,
1,125,Undirected,
1,131,Undirected,
1,136,Undirected,
1,138,Undirected,
1,139,Undirected,
1,141,Undirected,
1,142,Undirected,
1,143,Undirected,
1,144,Undirected,
1,146,Undirected,
1,147,Undirected,
1,148,Undirected,
1,151,Undirected,
1,152,Undirected,
1,154,Undirected,
1,155,Undirected,
1,156,Undirected,
1,157,Undirected,
1,158,Undirected,
1,164,Undirected,
2,3,Undirected,
2,7,Undirected,
2,8,Undirected,
2,10,Undirected,
2,13,Undirected,
2,16,Undirected,
2,21,Undirected,
2,25,Undirected,
2,26,Undirected,
2,27,Undirected,
2,28,Undirected,
2,29,Undirected,
2,30,Undirected,
2,32,Undirected,
2,33,Undirected,
2,34,Undirected,
2,39,Undirected,
2,43,Undirected,
2,45,Undirected,
2,46,Undirected,
2,50,Undirected,
2,53,Undirected,
2,54,Undirected,
2,62,Undirected,
2,70,Undirected,
2,74,Undirected,
2,75,Undirected,
2,78,Undirected,
2,79,Undirected,
2,80,Undirected,
2,81,Undirected,
2,90,Undirected,
2,91,Undirected,
2,92,Undirected,
2,93,Undirected,
2,100,Undirected,
2,101,Undirected,
2,104,Undirected,
2,106,Undirected,
2,107,Undirected,
2,109,Undirected,
2,110,Undirected,
2,113,Undirected,
2,117,Undirected,
2,118,Undirected,
2,125,Undirected,
2,132,Undirected,
2,133,Undirected,
2,134,Undirected,
2,138,Undirected,
2,139,Undirected,
2,141,Undirected,
2,142,Undirected,
2,143,Undirected,
2,144,Undirected,
2,146,Undirected,
2,147,Undirected,
2,148,Undirected,
2,151,Undirected,
2,152,Undirected,
2,155,Undirected,
2,156,Undirected,
2,157,Undirected,
2,158,Undirected,
2,160,Undirected,
2,164,Undirected,
3,4,Undirected,
3,5,Undirected,
3,11,Undirected,
3,13,Undirected,
3,14,Undirected,
3,21,Undirected,
3,22,Undirected,
3,23,Undirected,
3,24,Undirected,
3,27,Undirected,
3,29,Undirected,
3,32,Undirected,
3,34,Undirected,
3,37,Undirected,
3,41,Undirected,
3,42,Undirected,
3,45,Undirected,
3,46,Undirected,
3,55,Undirected,
3,56,Undirected,
3,57,Undirected,
3,59,Undirected,
3,60,Undirected,
3,66,Undirected,
3,67,Undirected,
3,72,Undirected,
3,73,Undirected,
3,74,Undirected,
3,75,Undirected,
3,76,Undirected,
3,77,Undirected,
3,78,Undirected,
3,79,Undirected,
3,80,Undirected,
3,81,Undirected,
3,82,Undirected,
3,83,Undirected,
3,84,Undirected,
3,85,Undirected,
3,86,Undirected,
3,87,Undirected,
3,88,Undirected,
3,90,Undirected,
3,96,Undirected,
3,97,Undirected,
3,99,Undirected,
3,100,Undirected,
3,101,Undirected,
3,102,Undirected,
3,103,Undirected,
3,105,Undirected,
3,107,Undirected,
3,108,Undirected,
3,109,Undirected,
3,110,Undirected,
3,117,Undirected,
3,118,Undirected,
3,119,Undirected,
3,121,Undirected,
3,122,Undirected,
3,128,Undirected,
3,129,Undirected,
3,132,Undirected,
3,133,Undirected,
3,134,Undirected,
3,135,Undirected,
3,136,Undirected,
3,137,Undirected,
3,138,Undirected,
3,141,Undirected,
3,142,Undirected,
3,143,Undirected,
3,145,Undirected,
3,146,Undirected,
3,158,Undirected,
3,161,Undirected,
3,162,Undirected,
3,163,Undirected,
3,164,Undirected,
4,11,Undirected,
4,14,Undirected,
4,22,Undirected,
4,23,Undirected,
4,24,Undirected,
4,31,Undirected,
4,32,Undirected,
4,34,Undirected,
4,36,Undirected,
4,37,Undirected,
4,41,Undirected,
4,42,Undirected,
4,45,Undirected,
4,46,Undirected,
4,48,Undirected,
4,53,Undirected,
4,60,Undirected,
4,61,Undirected,
4,65,Undirected,
4,66,Undirected,
4,67,Undirected,
4,72,Undirected,
4,74,Undirected,
4,75,Undirected,
4,76,Undirected,
4,77,Undirected,
4,78,Undirected,
4,79,Undirected,
4,81,Undirected,
4,82,Undirected,
4,83,Undirected,
4,84,Undirected,
4,85,Undirected,
4,86,Undirected,
4,87,Undirected,
4,88,Undirected,
4,96,Undirected,
4,97,Undirected,
4,99,Undirected,
4,102,Undirected,
4,103,Undirected,
4,107,Undirected,
4,108,Undirected,
4,109,Undirected,
4,110,Undirected,
4,121,Undirected,
4,122,Undirected,
4,128,Undirected,
4,129,Undirected,
4,130,Undirected,
4,131,Undirected,
4,132,Undirected,
4,133,Undirected,
4,135,Undirected,
4,137,Undirected,
4,138,Undirected,
4,141,Undirected,
4,143,Undirected,
4,145,Undirected,
4,146,Undirected,
4,151,Undirected,
4,158,Undirected,
4,162,Undirected,
4,163,Undirected,
4,164,Undirected,
5,6,Undirected,
5,7,Undirected,
5,11,Undirected,
5,12,Undirected,
5,18,Undirected,
5,22,Undirected,
5,23,Undirected,
5,24,Undirected,
5,27,Undirected,
5,29,Undirected,
5,32,Undirected,
5,34,Undirected,
5,35,Undirected,
5,36,Undirected,
5,38,Undirected,
5,41,Undirected,
5,42,Undirected,
5,44,Undirected,
5,50,Undirected,
5,51,Undirected,
5,53,Undirected,
5,55,Undirected,
5,60,Undirected,
5,62,Undirected,
5,63,Undirected,
5,76,Undirected,
5,77,Undirected,
5,86,Undirected,
5,91,Undirected,
5,92,Undirected,
5,94,Undirected,
5,95,Undirected,
5,102,Undirected,
5,103,Undirected,
5,105,Undirected,
5,106,Undirected,
5,120,Undirected,
5,121,Undirected,
5,125,Undirected,
5,127,Undirected,
5,131,Undirected,
5,134,Undirected,
5,135,Undirected,
5,137,Undirected,
5,147,Undirected,
5,151,Undirected,
5,152,Undirected,
5,153,Undirected,
5,154,Undirected,
5,161,Undirected,
5,162,Undirected,
6,7,Undirected,
6,8,Undirected,
6,11,Undirected,
6,12,Undirected,
6,18,Undirected,
6,24,Undirected,
6,26,Undirected,
6,29,Undirected,
6,34,Undirected,
6,35,Undirected,
6,36,Undirected,
6,38,Undirected,
6,39,Undirected,
6,42,Undirected,
6,44,Undirected,
6,50,Undirected,
6,51,Undirected,
6,55,Undirected,
6,60,Undirected,
6,64,Undirected,
6,76,Undirected,
6,91,Undirected,
6,92,Undirected,
6,105,Undirected,
6,106,Undirected,
6,113,Undirected,
6,120,Undirected,
6,121,Undirected,
6,122,Undirected,
6,125,Undirected,
6,127,Undirected,
6,131,Undirected,
6,134,Undirected,
6,135,Undirected,
6,137,Undirected,
6,147,Undirected,
6,151,Undirected,
6,152,Undirected,
6,153,Undirected,
6,154,Undirected,
6,161,Undirected,
6,162,Undirected,
7,8,Undirected,
7,14,Undirected,
7,25,Undirected,
7,26,Undirected,
7,38,Undirected,
7,39,Undirected,
7,43,Undirected,
7,44,Undirected,
7,50,Undirected,
7,51,Undirected,
7,53,Undirected,
7,78,Undirected,
7,79,Undirected,
7,81,Undirected,
7,86,Undirected,
7,104,Undirected,
7,106,Undirected,
7,111,Undirected,
7,119,Undirected,
7,120,Undirected,
7,121,Undirected,
7,122,Undirected,
7,131,Undirected,
7,132,Undirected,
7,138,Undirected,
7,139,Undirected,
7,141,Undirected,
7,144,Undirected,
7,146,Undirected,
7,147,Undirected,
7,148,Undirected,
7,149,Undirected,
7,151,Undirected,
7,152,Undirected,
7,155,Undirected,
7,157,Undirected,
7,158,Undirected,
8,10,Undirected,
8,14,Undirected,
8,16,Undirected,
8,21,Undirected,
8,22,Undirected,
8,24,Undirected,
8,25,Undirected,
8,26,Undirected,
8,31,Undirected,
8,32,Undirected,
8,33,Undirected,
8,36,Undirected,
8,38,Undirected,
8,42,Undirected,
8,50,Undirected,
8,51,Undirected,
8,53,Undirected,
8,56,Undirected,
8,60,Undirected,
8,64,Undirected,
8,78,Undirected,
8,80,Undirected,
8,81,Undirected,
8,90,Undirected,
8,104,Undirected,
8,106,Undirected,
8,109,Undirected,
8,115,Undirected,
8,119,Undirected,
8,120,Undirected,
8,121,Undirected,
8,122,Undirected,
8,133,Undirected,
8,135,Undirected,
8,138,Undirected,
8,139,Undirected,
8,144,Undirected,
8,147,Undirected,
8,148,Undirected,
8,151,Undirected,
8,155,Undirected,
8,156,Undirected,
8,157,Undirected,
9,10,Undirected,
9,11,Undirected,
9,12,Undirected,
9,15,Undirected,
9,16,Undirected,
9,19,Undirected,
9,21,Undirected,
9,22,Undirected,
9,23,Undirected,
9,24,Undirected,
9,26,Undirected,
9,27,Undirected,
9,28,Undirected,
9,31,Undirected,
9,32,Undirected,
9,36,Undirected,
9,41,Undirected,
9,42,Undirected,
9,45,Undirected,
9,47,Undirected,
9,48,Undirected,
9,49,Undirected,
9,53,Undirected,
9,54,Undirected,
9,55,Undirected,
9,56,Undirected,
9,58,Undirected,
9,59,Undirected,
9,61,Undirected,
9,62,Undirected,
9,63,Undirected,
9,66,Undirected,
9,67,Undirected,
9,70,Undirected,
9,72,Undirected,
9,74,Undirected,
9,76,Undirected,
9,78,Undirected,
9,80,Undirected,
9,89,Undirected,
9,92,Undirected,
9,93,Undirected,
9,94,Undirected,
9,98,Undirected,
9,99,Undirected,
9,106,Undirected,
9,107,Undirected,
9,109,Undirected,
9,110,Undirected,
9,119,Undirected,
9,127,Undirected,
9,133,Undirected,
9,140,Undirected,
9,141,Undirected,
9,151,Undirected,
9,159,Undirected,
9,160,Undirected,
9,161,Undirected,
9,162,Undirected,
9,164,Undirected,
10,11,Undirected,
10,12,Undirected,
10,14,Undirected,
10,20,Undirected,
10,25,Undirected,
10,26,Undirected,
10,27,Undirected,
10,28,Undirected,
10,30,Undirected,
10,32,Undirected,
10,35,Undirected,
10,36,Undirected,
10,40,Undirected,
10,56,Undirected,
10,57,Undirected,
10,60,Undirected,
10,62,Undirected,
10,69,Undirected,
10,70,Undirected,
10,74,Undirected,
10,75,Undirected,
10,76,Undirected,
10,77,Undirected,
10,92,Undirected,
10,94,Undirected,
10,101,Undirected,
10,110,Undirected,
10,113,Undirected,
10,117,Undirected,
10,118,Undirected,
10,131,Undirected,
10,134,Undirected,
10,135,Undirected,
10,136,Undirected,
10,137,Undirected,
10,141,Undirected,
10,142,Undirected,
10,155,Undirected,
10,157,Undirected,
10,159,Undirected,
10,160,Undirected,
10,161,Undirected,
11,12,Undirected,
11,14,Undirected,
11,16,Undirected,
11,17,Undirected,
11,18,Undirected,
11,19,Undirected,
11,20,Undirected,
11,21,Undirected,
11,22,Undirected,
11,23,Undirected,
11,24,Undirected,
11,30,Undirected,
11,34,Undirected,
11,35,Undirected,
11,36,Undirected,
11,37,Undirected,
11,38,Undirected,
11,39,Undirected,
11,42,Undirected,
11,47,Undirected,
11,51,Undirected,
11,55,Undirected,
11,58,Undirected,
11,60,Undirected,
11,63,Undirected,
11,69,Undirected,
11,71,Undirected,
11,76,Undirected,
11,77,Undirected,
11,78,Undirected,
11,79,Undirected,
11,80,Undirected,
11,81,Undirected,
11,82,Undirected,
11,88,Undirected,
11,89,Undirected,
11,91,Undirected,
11,92,Undirected,
11,94,Undirected,
11,95,Undirected,
11,98,Undirected,
11,99,Undirected,
11,125,Undirected,
11,137,Undirected,
11,142,Undirected,
11,144,Undirected,
11,145,Undirected,
11,146,Undirected,
11,149,Undirected,
11,152,Undirected,
11,153,Undirected,
11,154,Undirected,
11,160,Undirected,
11,161,Undirected,
11,162,Undirected,
12,15,Undirected,
12,16,Undirected,
12,24,Undirected,
12,26,Undirected,
12,27,Undirected,
12,28,Undirected,
12,30,Undirected,
12,34,Undirected,
12,35,Undirected,
12,38,Undirected,
12,40,Undirected,
12,47,Undirected,
12,50,Undirected,
12,51,Undirected,
12,54,Undirected,
12,55,Undirected,
12,58,Undirected,
12,62,Undirected,
12,63,Undirected,
12,69,Undirected,
12,70,Undirected,
12,71,Undirected,
12,72,Undirected,
12,76,Undirected,
12,77,Undirected,
12,78,Undirected,
12,79,Undirected,
12,80,Undirected,
12,82,Undirected,
12,88,Undirected,
12,89,Undirected,
12,91,Undirected,
12,92,Undirected,
12,93,Undirected,
12,94,Undirected,
12,95,Undirected,
12,98,Undirected,
12,99,Undirected,
12,133,Undirected,
12,137,Undirected,
12,138,Undirected,
12,142,Undirected,
12,143,Undirected,
12,145,Undirected,
12,148,Undirected,
12,149,Undirected,
12,151,Undirected,
12,153,Undirected,
12,154,Undirected,
12,159,Undirected,
12,160,Undirected,
12,161,Undirected,
13,14,Undirected,
13,15,Undirected,
13,16,Undirected,
13,18,Undirected,
13,19,Undirected,
13,20,Undirected,
13,21,Undirected,
13,22,Undirected,
13,24,Undirected,
13,25,Undirected,
13,31,Undirected,
13,33,Undirected,
13,34,Undirected,
13,35,Undirected,
13,37,Undirected,
13,38,Undirected,
13,43,Undirected,
13,45,Undirected,
13,46,Undirected,
13,47,Undirected,
13,49,Undirected,
13,50,Undirected,
13,51,Undirected,
13,52,Undirected,
13,66,Undirected,
13,67,Undirected,
13,74,Undirected,
13,75,Undirected,
13,78,Undirected,
13,90,Undirected,
13,91,Undirected,
13,92,Undirected,
13,101,Undirected,
13,102,Undirected,
13,115,Undirected,
13,136,Undirected,
13,137,Undirected,
13,138,Undirected,
13,139,Undirected,
13,140,Undirected,
13,141,Undirected,
13,142,Undirected,
13,143,Undirected,
13,147,Undirected,
13,148,Undirected,
13,151,Undirected,
13,152,Undirected,
13,153,Undirected,
13,154,Undirected,
13,157,Undirected,
14,32,Undirected,
14,33,Undirected,
14,34,Undirected,
14,35,Undirected,
14,36,Undirected,
14,37,Undirected,
14,41,Undirected,
14,42,Undirected,
14,43,Undirected,
14,44,Undirected,
14,45,Undirected,
14,46,Undirected,
14,47,Undirected,
14,50,Undirected,
14,51,Undirected,
14,52,Undirected,
14,56,Undirected,
14,57,Undirected,
14,58,Undirected,
14,60,Undirected,
14,63,Undirected,
14,66,Undirected,
14,67,Undirected,
14,74,Undirected,
14,75,Undirected,
14,78,Undirected,
14,79,Undirected,
14,82,Undirected,
14,83,Undirected,
14,88,Undirected,
14,89,Undirected,
14,90,Undirected,
14,91,Undirected,
14,92,Undirected,
14,93,Undirected,
14,101,Undirected,
14,102,Undirected,
14,107,Undirected,
14,109,Undirected,
14,111,Undirected,
14,114,Undirected,
14,119,Undirected,
14,120,Undirected,
14,126,Undirected,
14,134,Undirected,
14,135,Undirected,
14,136,Undirected,
14,137,Undirected,
14,138,Undirected,
14,139,Undirected,
14,140,Undirected,
14,141,Undirected,
14,142,Undirected,
14,143,Undirected,
14,151,Undirected,
14,152,Undirected,
14,153,Undirected,
14,154,Undirected,
14,162,Undirected,
15,16,Undirected,
15,17,Undirected,
15,18,Undirected,
15,19,Undirected,
15,20,Undirected,
15,21,Undirected,
15,22,Undirected,
15,23,Undirected,
15,24,Undirected,
15,27,Undirected,
15,28,Undirected,
15,33,Undirected,
15,34,Undirected,
15,35,Undirected,
15,37,Undirected,
15,38,Undirected,
15,40,Undirected,
15,41,Undirected,
15,42,Undirected,
15,45,Undirected,
15,46,Undirected,
15,47,Undirected,
15,49,Undirected,
15,51,Undirected,
15,55,Undirected,
15,61,Undirected,
15,62,Undirected,
15,63,Undirected,
15,66,Undirected,
15,67,Undirected,
15,68,Undirected,
15,69,Undirected,
15,70,Undirected,
15,72,Undirected,
15,73,Undirected,
15,74,Undirected,
15,91,Undirected,
15,92,Undirected,
15,96,Undirected,
15,100,Undirected,
15,101,Undirected,
15,102,Undirected,
15,103,Undirected,
15,109,Undirected,
15,110,Undirected,
15,112,Undirected,
15,118,Undirected,
15,119,Undirected,
15,121,Undirected,
15,123,Undirected,
15,133,Undirected,
15,138,Undirected,
15,140,Undirected,
15,143,Undirected,
15,144,Undirected,
15,147,Undirected,
15,152,Undirected,
15,153,Undirected,
15,154,Undirected,
15,159,Undirected,
15,160,Undirected,
15,161,Undirected,
15,162,Undirected,
16,18,Undirected,
16,21,Undirected,
16,22,Undirected,
16,24,Undirected,
16,27,Undirected,
16,28,Undirected,
16,30,Undirected,
16,33,Undirected,
16,35,Undirected,
16,37,Undirected,
16,45,Undirected,
16,46,Undirected,
16,47,Undirected,
16,52,Undirected,
16,62,Undirected,
16,63,Undirected,
16,65,Undirected,
16,66,Undirected,
16,69,Undirected,
16,70,Undirected,
16,71,Undirected,
16,72,Undirected,
16,73,Undirected,
16,78,Undirected,
16,79,Undirected,
16,80,Undirected,
16,81,Undirected,
16,92,Undirected,
16,93,Undirected,
16,96,Undirected,
16,98,Undirected,
16,99,Undirected,
16,100,Undirected,
16,104,Undirected,
16,105,Undirected,
16,115,Undirected,
16,117,Undirected,
16,119,Undirected,
16,132,Undirected,
16,133,Undirected,
16,137,Undirected,
16,138,Undirected,
16,140,Undirected,
16,143,Undirected,
16,144,Undirected,
16,147,Undirected,
16,148,Undirected,
16,154,Undirected,
16,155,Undirected,
16,156,Undirected,
16,157,Undirected,
16,159,Undirected,
16,160,Undirected,
16,161,Undirected,
17,18,Undirected,
17,19,Undirected,
17,20,Undirected,
17,21,Undirected,
17,22,Undirected,
17,23,Undirected,
17,24,Undirected,
17,31,Undirected,
17,32,Undirected,
17,37,Undirected,
17,40,Undirected,
17,41,Undirected,
17,42,Undirected,
17,62,Undirected,
17,65,Undirected,
17,70,Undirected,
17,71,Undirected,
17,76,Undirected,
17,82,Undirected,
17,84,Undirected,
17,85,Undirected,
17,86,Undirected,
17,87,Undirected,
17,91,Undirected,
17,94,Undirected,
17,95,Undirected,
17,108,Undirected,
17,113,Undirected,
17,114,Undirected,
17,115,Undirected,
17,116,Undirected,
17,123,Undirected,
17,128,Undirected,
17,129,Undirected,
17,141,Undirected,
17,142,Undirected,
17,143,Undirected,
17,154,Undirected,
17,158,Undirected,
17,159,Undirected,
17,161,Undirected,
17,162,Undirected,
17,163,Undirected,
18,19,Undirected,
18,20,Undirected,
18,21,Undirected,
18,22,Undirected,
18,23,Undirected,
18,24,Undirected,
18,32,Undirected,
18,33,Undirected,
18,40,Undirected,
18,41,Undirected,
18,42,Undirected,
18,49,Undirected,
18,61,Undirected,
18,67,Undirected,
18,71,Undirected,
18,76,Undirected,
18,77,Undirected,
18,82,Undirected,
18,83,Undirected,
18,84,Undirected,
18,85,Undirected,
18,86,Undirected,
18,87,Undirected,
18,91,Undirected,
18,94,Undirected,
18,95,Undirected,
18,109,Undirected,
18,110,Undirected,
18,119,Undirected,
18,126,Undirected,
18,127,Undirected,
18,135,Undirected,
18,138,Undirected,
18,141,Undirected,
18,144,Undirected,
18,147,Undirected,
18,157,Undirected,
18,159,Undirected,
18,161,Undirected,
18,162,Undirected,
19,20,Undirected,
19,21,Undirected,
19,22,Undirected,
19,23,Undirected,
19,24,Undirected,
19,26,Undirected,
19,27,Undirected,
19,31,Undirected,
19,32,Undirected,
19,40,Undirected,
19,41,Undirected,
19,42,Undirected,
19,43,Undirected,
19,45,Undirected,
19,49,Undirected,
19,56,Undirected,
19,65,Undirected,
19,76,Undirected,
19,78,Undirected,
19,84,Undirected,
19,85,Undirected,
19,86,Undirected,
19,87,Undirected,
19,91,Undirected,
19,94,Undirected,
19,95,Undirected,
19,109,Undirected,
19,110,Undirected,
19,119,Undirected,
19,121,Undirected,
19,122,Undirected,
19,133,Undirected,
19,138,Undirected,
19,154,Undirected,
19,158,Undirected,
19,159,Undirected,
19,160,Undirected,
19,161,Undirected,
19,162,Undirected,
19,164,Undirected,
20,21,Undirected,
20,22,Undirected,
20,23,Undirected,
20,24,Undirected,
20,25,Undirected,
20,26,Undirected,
20,27,Undirected,
20,40,Undirected,
20,42,Undirected,
20,43,Undirected,
20,49,Undirected,
20,61,Undirected,
20,63,Undirected,
20,82,Undirected,
20,84,Undirected,
20,85,Undirected,
20,86,Undirected,
20,87,Undirected,
20,91,Undirected,
20,94,Undirected,
20,95,Undirected,
20,97,Undirected,
20,102,Undirected,
20,104,Undirected,
20,109,Undirected,
20,110,Undirected,
20,112,Undirected,
20,118,Undirected,
20,121,Undirected,
20,122,Undirected,
20,123,Undirected,
20,138,Undirected,
20,142,Undirected,
20,158,Undirected,
20,159,Undirected,
20,160,Undirected,
20,161,Undirected,
20,162,Undirected,
20,164,Undirected,
21,22,Undirected,
21,23,Undirected,
21,24,Undirected,
21,27,Undirected,
21,31,Undirected,
21,32,Undirected,
21,33,Undirected,
21,38,Undirected,
21,40,Undirected,
21,41,Undirected,
21,42,Undirected,
21,45,Undirected,
21,46,Undirected,
21,49,Undirected,
21,51,Undirected,
21,52,Undirected,
21,56,Undirected,
21,68,Undirected,
21,72,Undirected,
21,73,Undirected,
21,74,Undirected,
21,77,Undirected,
21,83,Undirected,
21,91,Undirected,
21,100,Undirected,
21,101,Undirected,
21,102,Undirected,
21,103,Undirected,
21,106,Undirected,
21,107,Undirected,
21,109,Undirected,
21,110,Undirected,
21,118,Undirected,
21,119,Undirected,
21,120,Undirected,
21,121,Undirected,
21,122,Undirected,
21,133,Undirected,
21,135,Undirected,
21,138,Undirected,
21,144,Undirected,
21,147,Undirected,
21,155,Undirected,
21,157,Undirected,
21,158,Undirected,
21,161,Undirected,
21,162,Undirected,
21,164,Undirected,
22,23,Undirected,
22,24,Undirected,
22,27,Undirected,
22,28,Undirected,
22,32,Undirected,
22,33,Undirected,
22,40,Undirected,
22,41,Undirected,
22,42,Undirected,
22,45,Undirected,
22,46,Undirected,
22,49,Undirected,
22,51,Undirected,
22,52,Undirected,
22,56,Undirected,
22,61,Undirected,
22,72,Undirected,
22,73,Undirected,
22,74,Undirected,
22,76,Undirected,
22,77,Undirected,
22,79,Undirected,
22,91,Undirected,
22,96,Undirected,
22,97,Undirected,
22,107,Undirected,
22,108,Undirected,
22,109,Undirected,
22,110,Undirected,
22,112,Undirected,
22,115,Undirected,
22,117,Undirected,
22,118,Undirected,
22,119,Undirected,
22,120,Undirected,
22,121,Undirected,
22,122,Undirected,
22,133,Undirected,
22,135,Undirected,
22,138,Undirected,
22,145,Undirected,
22,147,Undirected,
22,155,Undirected,
22,158,Undirected,
22,159,Undirected,
22,160,Undirected,
22,161,Undirected,
22,162,Undirected,
22,164,Undirected,
23,24,Undirected,
23,26,Undirected,
23,27,Undirected,
23,28,Undirected,
23,29,Undirected,
23,32,Undirected,
23,33,Undirected,
23,36,Undirected,
23,40,Undirected,
23,41,Undirected,
23,42,Undirected,
23,45,Undirected,
23,46,Undirected,
23,49,Undirected,
23,56,Undirected,
23,59,Undirected,
23,68,Undirected,
23,72,Undirected,
23,73,Undirected,
23,74,Undirected,
23,76,Undirected,
23,77,Undirected,
23,83,Undirected,
23,91,Undirected,
23,97,Undirected,
23,105,Undirected,
23,107,Undirected,
23,108,Undirected,
23,109,Undirected,
23,110,Undirected,
23,117,Undirected,
23,118,Undirected,
23,119,Undirected,
23,121,Undirected,
23,122,Undirected,
23,133,Undirected,
23,135,Undirected,
23,138,Undirected,
23,145,Undirected,
23,146,Undirected,
23,158,Undirected,
23,159,Undirected,
23,160,Undirected,
23,161,Undirected,
23,162,Undirected,
23,164,Undirected,
24,26,Undirected,
24,27,Undirected,
24,28,Undirected,
24,29,Undirected,
24,32,Undirected,
24,33,Undirected,
24,36,Undirected,
24,40,Undirected,
24,41,Undirected,
24,42,Undirected,
24,45,Undirected,
24,46,Undirected,
24,49,Undirected,
24,68,Undirected,
24,72,Undirected,
24,73,Undirected,
24,74,Undirected,
24,77,Undirected,
24,80,Undirected,
24,83,Undirected,
24,91,Undirected,
24,97,Undirected,
24,99,Undirected,
24,105,Undirected,
24,107,Undirected,
24,108,Undirected,
24,109,Undirected,
24,110,Undirected,
24,115,Undirected,
24,117,Undirected,
24,118,Undirected,
24,119,Undirected,
24,121,Undirected,
24,122,Undirected,
24,133,Undirected,
24,135,Undirected,
24,138,Undirected,
24,145,Undirected,
24,147,Undirected,
24,158,Undirected,
24,159,Undirected,
24,160,Undirected,
24,161,Undirected,
24,162,Undirected,
24,164,Undirected,
25,26,Undirected,
25,31,Undirected,
25,33,Undirected,
25,34,Undirected,
25,37,Undirected,
25,38,Undirected,
25,39,Undirected,
25,45,Undirected,
25,46,Undirected,
25,52,Undirected,
25,56,Undirected,
25,59,Undirected,
25,70,Undirected,
25,74,Undirected,
25,75,Undirected,
25,81,Undirected,
25,101,Undirected,
25,106,Undirected,
25,111,Undirected,
25,112,Undirected,
25,118,Undirected,
25,129,Undirected,
25,131,Undirected,
25,138,Undirected,
25,141,Undirected,
25,142,Undirected,
25,147,Undirected,
25,148,Undirected,
25,151,Undirected,
25,152,Undirected,
25,155,Undirected,
25,157,Undirected,
25,159,Undirected,
25,161,Undirected,
25,162,Undirected,
26,27,Undirected,
26,28,Undirected,
26,49,Undirected,
26,51,Undirected,
26,56,Undirected,
26,59,Undirected,
26,74,Undirected,
26,75,Undirected,
26,81,Undirected,
26,92,Undirected,
26,105,Undirected,
26,106,Undirected,
26,109,Undirected,
26,110,Undirected,
26,117,Undirected,
26,118,Undirected,
26,119,Undirected,
26,132,Undirected,
26,140,Undirected,
26,146,Undirected,
26,149,Undirected,
26,155,Undirected,
26,157,Undirected,
26,159,Undirected,
26,160,Undirected,
26,161,Undirected,
26,162,Undirected,
26,163,Undirected,
26,164,Undirected,
27,28,Undirected,
27,29,Undirected,
27,30,Undirected,
27,36,Undirected,
27,40,Undirected,
27,41,Undirected,
27,42,Undirected,
27,45,Undirected,
27,46,Undirected,
27,47,Undirected,
27,48,Undirected,
27,57,Undirected,
27,62,Undirected,
27,63,Undirected,
27,68,Undirected,
27,69,Undirected,
27,70,Undirected,
27,71,Undirected,
27,72,Undirected,
27,73,Undirected,
27,74,Undirected,
27,75,Undirected,
27,80,Undirected,
27,93,Undirected,
27,94,Undirected,
27,97,Undirected,
27,98,Undirected,
27,99,Undirected,
27,103,Undirected,
27,105,Undirected,
27,106,Undirected,
27,107,Undirected,
27,108,Undirected,
27,109,Undirected,
27,110,Undirected,
27,115,Undirected,
27,117,Undirected,
27,118,Undirected,
27,119,Undirected,
27,121,Undirected,
27,132,Undirected,
27,133,Undirected,
27,136,Undirected,
27,141,Undirected,
27,142,Undirected,
27,143,Undirected,
27,151,Undirected,
27,158,Undirected,
27,159,Undirected,
27,160,Undirected,
27,161,Undirected,
27,162,Undirected,
27,163,Undirected,
27,164,Undirected,
28,29,Undirected,
28,30,Undirected,
28,45,Undirected,
28,46,Undirected,
28,47,Undirected,
28,48,Undirected,
28,53,Undirected,
28,57,Undirected,
28,62,Undirected,
28,63,Undirected,
28,68,Undirected,
28,69,Undirected,
28,70,Undirected,
28,71,Undirected,
28,73,Undirected,
28,74,Undirected,
28,75,Undirected,
28,78,Undirected,
28,80,Undirected,
28,88,Undirected,
28,89,Undirected,
28,97,Undirected,
28,98,Undirected,
28,99,Undirected,
28,100,Undirected,
28,101,Undirected,
28,103,Undirected,
28,105,Undirected,
28,106,Undirected,
28,107,Undirected,
28,108,Undirected,
28,109,Undirected,
28,110,Undirected,
28,115,Undirected,
28,117,Undirected,
28,118,Undirected,
28,119,Undirected,
28,121,Undirected,
28,123,Undirected,
28,132,Undirected,
28,133,Undirected,
28,136,Undirected,
28,141,Undirected,
28,142,Undirected,
28,143,Undirected,
28,157,Undirected,
28,159,Undirected,
28,161,Undirected,
28,162,Undirected,
28,163,Undirected,
28,164,Undirected,
29,30,Undirected,
29,45,Undirected,
29,46,Undirected,
29,56,Undirected,
29,62,Undirected,
29,63,Undirected,
29,69,Undirected,
29,70,Undirected,
29,71,Undirected,
29,73,Undirected,
29,74,Undirected,
29,75,Undirected,
29,80,Undirected,
29,98,Undirected,
29,99,Undirected,
29,100,Undirected,
29,101,Undirected,
29,104,Undirected,
29,105,Undirected,
29,106,Undirected,
29,108,Undirected,
29,109,Undirected,
29,110,Undirected,
29,119,Undirected,
29,131,Undirected,
29,133,Undirected,
29,141,Undirected,
29,146,Undirected,
29,162,Undirected,
29,164,Undirected,
30,45,Undirected,
30,46,Undirected,
30,48,Undirected,
30,49,Undirected,
30,57,Undirected,
30,61,Undirected,
30,62,Undirected,
30,63,Undirected,
30,64,Undirected,
30,68,Undirected,
30,69,Undirected,
30,70,Undirected,
30,71,Undirected,
30,73,Undirected,
30,74,Undirected,
30,75,Undirected,
30,78,Undirected,
30,80,Undirected,
30,82,Undirected,
30,89,Undirected,
30,90,Undirected,
30,91,Undirected,
30,94,Undirected,
30,98,Undirected,
30,99,Undirected,
30,100,Undirected,
30,101,Undirected,
30,103,Undirected,
30,105,Undirected,
30,106,Undirected,
30,107,Undirected,
30,108,Undirected,
30,109,Undirected,
30,115,Undirected,
30,116,Undirected,
30,117,Undirected,
30,119,Undirected,
30,121,Undirected,
30,123,Undirected,
30,124,Undirected,
30,130,Undirected,
30,132,Undirected,
30,133,Undirected,
30,136,Undirected,
30,141,Undirected,
30,142,Undirected,
30,143,Undirected,
30,151,Undirected,
30,157,Undirected,
31,32,Undirected,
31,36,Undirected,
31,41,Undirected,
31,42,Undirected,
31,48,Undirected,
31,53,Undirected,
31,54,Undirected,
31,55,Undirected,
31,56,Undirected,
31,60,Undirected,
31,85,Undirected,
31,86,Undirected,
31,87,Undirected,
31,91,Undirected,
31,92,Undirected,
31,93,Undirected,
31,100,Undirected,
31,101,Undirected,
31,103,Undirected,
31,104,Undirected,
31,108,Undirected,
31,114,Undirected,
31,116,Undirected,
31,118,Undirected,
31,120,Undirected,
31,124,Undirected,
31,128,Undirected,
31,133,Undirected,
31,135,Undirected,
31,141,Undirected,
31,147,Undirected,
31,150,Undirected,
31,153,Undirected,
31,154,Undirected,
31,155,Undirected,
31,157,Undirected,
31,161,Undirected,
31,162,Undirected,
31,164,Undirected,
32,36,Undirected,
32,41,Undirected,
32,42,Undirected,
32,55,Undirected,
32,56,Undirected,
32,60,Undirected,
32,62,Undirected,
32,63,Undirected,
32,69,Undirected,
32,70,Undirected,
32,71,Undirected,
32,77,Undirected,
32,79,Undirected,
32,91,Undirected,
32,96,Undirected,
32,109,Undirected,
32,110,Undirected,
32,111,Undirected,
32,114,Undirected,
32,116,Undirected,
32,119,Undirected,
32,123,Undirected,
32,128,Undirected,
32,134,Undirected,
32,135,Undirected,
32,137,Undirected,
32,145,Undirected,
32,147,Undirected,
32,150,Undirected,
32,153,Undirected,
32,154,Undirected,
32,155,Undirected,
32,156,Undirected,
32,157,Undirected,
32,161,Undirected,
32,162,Undirected,
33,34,Undirected,
33,35,Undirected,
33,36,Undirected,
33,37,Undirected,
33,38,Undirected,
33,39,Undirected,
33,43,Undirected,
33,47,Undirected,
33,48,Undirected,
33,49,Undirected,
33,50,Undirected,
33,52,Undirected,
33,53,Undirected,
33,54,Undirected,
33,66,Undirected,
33,67,Undirected,
33,68,Undirected,
33,73,Undirected,
33,74,Undirected,
33,75,Undirected,
33,78,Undirected,
33,80,Undirected,
33,81,Undirected,
33,85,Undirected,
33,86,Undirected,
33,87,Undirected,
33,89,Undirected,
33,90,Undirected,
33,91,Undirected,
33,95,Undirected,
33,96,Undirected,
33,115,Undirected,
33,116,Undirected,
33,119,Undirected,
33,120,Undirected,
33,137,Undirected,
33,138,Undirected,
33,139,Undirected,
33,140,Undirected,
33,141,Undirected,
33,142,Undirected,
33,144,Undirected,
33,147,Undirected,
33,148,Undirected,
33,151,Undirected,
33,152,Undirected,
33,153,Undirected,
33,154,Undirected,
33,155,Undirected,
33,157,Undirected,
33,158,Undirected,
34,35,Undirected,
34,36,Undirected,
34,37,Undirected,
34,38,Undirected,
34,41,Undirected,
34,42,Undirected,
34,43,Undirected,
34,45,Undirected,
34,46,Undirected,
34,47,Undirected,
34,48,Undirected,
34,52,Undirected,
34,53,Undirected,
34,54,Undirected,
34,60,Undirected,
34,66,Undirected,
34,67,Undirected,
34,68,Undirected,
34,69,Undirected,
34,74,Undirected,
34,75,Undirected,
34,78,Undirected,
34,79,Undirected,
34,81,Undirected,
34,88,Undirected,
34,89,Undirected,
34,90,Undirected,
34,102,Undirected,
34,114,Undirected,
34,134,Undirected,
34,135,Undirected,
34,137,Undirected,
34,138,Undirected,
34,139,Undirected,
34,140,Undirected,
34,141,Undirected,
34,142,Undirected,
34,143,Undirected,
34,144,Undirected,
34,148,Undirected,
34,149,Undirected,
34,151,Undirected,
34,153,Undirected,
34,154,Undirected,
34,162,Undirected,
35,36,Undirected,
35,37,Undirected,
35,38,Undirected,
35,39,Undirected,
35,47,Undirected,
35,48,Undirected,
35,53,Undirected,
35,63,Undirected,
35,66,Undirected,
35,67,Undirected,
35,68,Undirected,
35,69,Undirected,
35,70,Undirected,
35,71,Undirected,
35,84,Undirected,
35,85,Undirected,
35,88,Undirected,
35,89,Undirected,
35,94,Undirected,
35,95,Undirected,
35,107,Undirected,
35,115,Undirected,
35,117,Undirected,
35,118,Undirected,
35,119,Undirected,
35,120,Undirected,
35,131,Undirected,
35,135,Undirected,
35,139,Undirected,
35,140,Undirected,
35,143,Undirected,
35,144,Undirected,
35,153,Undirected,
35,154,Undirected,
35,163,Undirected,
36,37,Undirected,
36,38,Undirected,
36,39,Undirected,
36,42,Undirected,
36,50,Undirected,
36,53,Undirected,
36,54,Undirected,
36,60,Undirected,
36,74,Undirected,
36,75,Undirected,
36,77,Undirected,
36,85,Undirected,
36,91,Undirected,
36,93,Undirected,
36,101,Undirected,
36,114,Undirected,
36,116,Undirected,
36,117,Undirected,
36,118,Undirected,
36,120,Undirected,
36,133,Undirected,
36,134,Undirected,
36,135,Undirected,
36,137,Undirected,
36,144,Undirected,
36,147,Undirected,
36,151,Undirected,
36,153,Undirected,
36,154,Undirected,
36,155,Undirected,
36,156,Undirected,
36,157,Undirected,
36,161,Undirected,
36,162,Undirected,
37,38,Undirected,
37,39,Undirected,
37,60,Undirected,
37,69,Undirected,
37,71,Undirected,
37,76,Undirected,
37,77,Undirected,
37,80,Undirected,
37,81,Undirected,
37,103,Undirected,
37,104,Undirected,
37,111,Undirected,
37,112,Undirected,
37,114,Undirected,
37,122,Undirected,
37,124,Undirected,
37,137,Undirected,
37,138,Undirected,
37,139,Undirected,
37,146,Undirected,
37,149,Undirected,
37,150,Undirected,
37,153,Undirected,
37,154,Undirected,
38,39,Undirected,
38,40,Undirected,
38,50,Undirected,
38,51,Undirected,
38,53,Undirected,
38,54,Undirected,
38,59,Undirected,
38,69,Undirected,
38,71,Undirected,
38,74,Undirected,
38,75,Undirected,
38,77,Undirected,
38,81,Undirected,
38,82,Undirected,
38,102,Undirected,
38,103,Undirected,
38,124,Undirected,
38,126,Undirected,
38,128,Undirected,
38,137,Undirected,
38,138,Undirected,
38,141,Undirected,
38,143,Undirected,
38,144,Undirected,
38,145,Undirected,
38,146,Undirected,
38,149,Undirected,
38,150,Undirected,
38,153,Undirected,
38,154,Undirected,
38,156,Undirected,
39,40,Undirected,
39,41,Undirected,
39,43,Undirected,
39,45,Undirected,
39,46,Undirected,
39,48,Undirected,
39,50,Undirected,
39,51,Undirected,
39,54,Undirected,
39,56,Undirected,
39,57,Undirected,
39,60,Undirected,
39,61,Undirected,
39,64,Undirected,
39,68,Undirected,
39,72,Undirected,
39,76,Undirected,
39,78,Undirected,
39,79,Undirected,
39,86,Undirected,
39,87,Undirected,
39,88,Undirected,
39,89,Undirected,
39,94,Undirected,
39,95,Undirected,
39,96,Undirected,
39,97,Undirected,
39,104,Undirected,
39,105,Undirected,
39,111,Undirected,
39,112,Undirected,
39,117,Undirected,
39,124,Undirected,
39,133,Undirected,
39,136,Undirected,
39,138,Undirected,
39,142,Undirected,
39,143,Undirected,
39,147,Undirected,
39,148,Undirected,
39,149,Undirected,
39,150,Undirected,
39,151,Undirected,
39,152,Undirected,
39,153,Undirected,
39,154,Undirected,
39,155,Undirected,
39,156,Undirected,
39,157,Undirected,
39,158,Undirected,
39,162,Undirected,
40,41,Undirected,
40,42,Undirected,
40,46,Undirected,
40,57,Undirected,
40,61,Undirected,
40,65,Undirected,
40,77,Undirected,
40,84,Undirected,
40,86,Undirected,
40,87,Undirected,
40,94,Undirected,
40,95,Undirected,
40,102,Undirected,
40,113,Undirected,
40,115,Undirected,
40,116,Undirected,
40,126,Undirected,
40,127,Undirected,
40,128,Undirected,
40,129,Undirected,
40,134,Undirected,
40,142,Undirected,
40,145,Undirected,
40,146,Undirected,
40,147,Undirected,
40,148,Undirected,
40,149,Undirected,
40,150,Undirected,
40,156,Undirected,
40,158,Undirected,
40,159,Undirected,
40,161,Undirected,
40,162,Undirected,
41,42,Undirected,
41,43,Undirected,
41,45,Undirected,
41,46,Undirected,
41,48,Undirected,
41,51,Undirected,
41,56,Undirected,
41,57,Undirected,
41,64,Undirected,
41,71,Undirected,
41,72,Undirected,
41,74,Undirected,
41,77,Undirected,
41,79,Undirected,
41,82,Undirected,
41,87,Undirected,
41,88,Undirected,
41,89,Undirected,
41,94,Undirected,
41,96,Undirected,
41,97,Undirected,
41,100,Undirected,
41,107,Undirected,
41,109,Undirected,
41,110,Undirected,
41,119,Undirected,
41,124,Undirected,
41,126,Undirected,
41,127,Undirected,
41,134,Undirected,
41,135,Undirected,
41,136,Undirected,
41,137,Undirected,
41,143,Undirected,
41,145,Undirected,
41,148,Undirected,
41,150,Undirected,
41,158,Undirected,
41,160,Undirected,
41,161,Undirected,
41,162,Undirected,
41,164,Undirected,
42,44,Undirected,
42,45,Undirected,
42,46,Undirected,
42,49,Undirected,
42,56,Undirected,
42,57,Undirected,
42,72,Undirected,
42,74,Undirected,
42,77,Undirected,
42,79,Undirected,
42,80,Undirected,
42,82,Undirected,
42,83,Undirected,
42,88,Undirected,
42,91,Undirected,
42,109,Undirected,
42,110,Undirected,
42,111,Undirected,
42,113,Undirected,
42,114,Undirected,
42,116,Undirected,
42,119,Undirected,
42,122,Undirected,
42,126,Undirected,
42,127,Undirected,
42,133,Undirected,
42,134,Undirected,
42,135,Undirected,
42,136,Undirected,
42,137,Undirected,
42,143,Undirected,
42,144,Undirected,
42,147,Undirected,
42,153,Undirected,
42,155,Undirected,
42,157,Undirected,
42,158,Undirected,
42,159,Undirected,
42,160,Undirected,
42,161,Undirected,
42,162,Undirected,
42,164,Undirected,
43,44,Undirected,
43,46,Undirected,
43,48,Undirected,
43,51,Undirected,
43,56,Undirected,
43,57,Undirected,
43,59,Undirected,
43,65,Undirected,
43,70,Undirected,
43,73,Undirected,
43,75,Undirected,
43,76,Undirected,
43,78,Undirected,
43,79,Undirected,
43,81,Undirected,
43,82,Undirected,
43,88,Undirected,
43,89,Undirected,
43,91,Undirected,
43,113,Undirected,
43,114,Undirected,
43,116,Undirected,
43,126,Undirected,
43,127,Undirected,
43,131,Undirected,
43,134,Undirected,
43,135,Undirected,
43,136,Undirected,
43,137,Undirected,
43,138,Undirected,
43,140,Undirected,
43,142,Undirected,
43,143,Undirected,
43,151,Undirected,
43,152,Undirected,
43,154,Undirected,
43,157,Undirected,
43,158,Undirected,
44,56,Undirected,
44,57,Undirected,
44,70,Undirected,
44,72,Undirected,
44,73,Undirected,
44,82,Undirected,
44,83,Undirected,
44,102,Undirected,
44,106,Undirected,
44,112,Undirected,
44,113,Undirected,
44,114,Undirected,
44,126,Undirected,
44,127,Undirected,
44,134,Undirected,
44,135,Undirected,
44,136,Undirected,
44,137,Undirected,
44,143,Undirected,
44,145,Undirected,
44,156,Undirected,
45,46,Undirected,
45,47,Undirected,
45,50,Undirected,
45,51,Undirected,
45,59,Undirected,
45,62,Undirected,
45,69,Undirected,
45,70,Undirected,
45,71,Undirected,
45,72,Undirected,
45,73,Undirected,
45,74,Undirected,
45,75,Undirected,
45,77,Undirected,
45,78,Undirected,
45,79,Undirected,
45,84,Undirected,
45,85,Undirected,
45,90,Undirected,
45,96,Undirected,
45,97,Undirected,
45,99,Undirected,
45,101,Undirected,
45,103,Undirected,
45,105,Undirected,
45,107,Undirected,
45,108,Undirected,
45,109,Undirected,
45,110,Undirected,
45,111,Undirected,
45,112,Undirected,
45,115,Undirected,
45,117,Undirected,
45,118,Undirected,
45,119,Undirected,
45,120,Undirected,
45,121,Undirected,
45,122,Undirected,
45,125,Undirected,
45,133,Undirected,
45,135,Undirected,
45,137,Undirected,
45,139,Undirected,
45,141,Undirected,
45,142,Undirected,
45,143,Undirected,
45,144,Undirected,
45,145,Undirected,
45,146,Undirected,
45,151,Undirected,
45,158,Undirected,
45,160,Undirected,
45,161,Undirected,
45,162,Undirected,
45,164,Undirected,
46,47,Undirected,
46,50,Undirected,
46,51,Undirected,
46,62,Undirected,
46,63,Undirected,
46,65,Undirected,
46,69,Undirected,
46,70,Undirected,
46,71,Undirected,
46,72,Undirected,
46,73,Undirected,
46,74,Undirected,
46,75,Undirected,
46,78,Undirected,
46,79,Undirected,
46,84,Undirected,
46,90,Undirected,
46,91,Undirected,
46,96,Undirected,
46,97,Undirected,
46,99,Undirected,
46,100,Undirected,
46,101,Undirected,
46,107,Undirected,
46,109,Undirected,
46,110,Undirected,
46,112,Undirected,
46,118,Undirected,
46,119,Undirected,
46,121,Undirected,
46,133,Undirected,
46,135,Undirected,
46,137,Undirected,
46,138,Undirected,
46,139,Undirected,
46,141,Undirected,
46,142,Undirected,
46,143,Undirected,
46,145,Undirected,
46,151,Undirected,
46,157,Undirected,
46,158,Undirected,
46,161,Undirected,
46,162,Undirected,
46,164,Undirected,
47,48,Undirected,
47,49,Undirected,
47,52,Undirected,
47,53,Undirected,
47,54,Undirected,
47,57,Undirected,
47,58,Undirected,
47,59,Undirected,
47,62,Undirected,
47,63,Undirected,
47,66,Undirected,
47,67,Undirected,
47,68,Undirected,
47,69,Undirected,
47,70,Undirected,
47,71,Undirected,
47,73,Undirected,
47,74,Undirected,
47,75,Undirected,
47,87,Undirected,
47,88,Undirected,
47,89,Undirected,
47,90,Undirected,
47,92,Undirected,
47,93,Undirected,
47,94,Undirected,
47,98,Undirected,
47,99,Undirected,
47,101,Undirected,
47,104,Undirected,
47,123,Undirected,
47,124,Undirected,
47,127,Undirected,
47,132,Undirected,
47,133,Undirected,
47,136,Undirected,
47,137,Undirected,
47,138,Undirected,
47,140,Undirected,
47,141,Undirected,
47,147,Undirected,
47,152,Undirected,
47,154,Undirected,
47,163,Undirected,
48,49,Undirected,
48,50,Undirected,
48,56,Undirected,
48,57,Undirected,
48,58,Undirected,
48,59,Undirected,
48,64,Undirected,
48,65,Undirected,
48,66,Undirected,
48,67,Undirected,
48,68,Undirected,
48,69,Undirected,
48,70,Undirected,
48,71,Undirected,
48,73,Undirected,
48,75,Undirected,
48,78,Undirected,
48,79,Undirected,
48,85,Undirected,
48,87,Undirected,
48,88,Undirected,
48,89,Undirected,
48,94,Undirected,
48,95,Undirected,
48,115,Undirected,
48,116,Undirected,
48,123,Undirected,
48,124,Undirected,
48,134,Undirected,
48,135,Undirected,
48,136,Undirected,
48,137,Undirected,
48,138,Undirected,
48,140,Undirected,
48,141,Undirected,
48,151,Undirected,
48,152,Undirected,
48,158,Undirected,
49,52,Undirected,
49,59,Undirected,
49,60,Undirected,
49,61,Undirected,
49,64,Undirected,
49,66,Undirected,
49,67,Undirected,
49,72,Undirected,
49,73,Undirected,
49,89,Undirected,
49,90,Undirected,
49,91,Undirected,
49,101,Undirected,
49,102,Undirected,
49,103,Undirected,
49,104,Undirected,
49,105,Undirected,
49,109,Undirected,
49,110,Undirected,
49,123,Undirected,
49,133,Undirected,
49,138,Undirected,
49,140,Undirected,
49,144,Undirected,
49,147,Undirected,
49,148,Undirected,
49,151,Undirected,
49,152,Undirected,
49,156,Undirected,
49,159,Undirected,
49,160,Undirected,
49,161,Undirected,
49,162,Undirected,
49,164,Undirected,
50,51,Undirected,
50,55,Undirected,
50,57,Undirected,
50,64,Undirected,
50,67,Undirected,
50,76,Undirected,
50,86,Undirected,
50,90,Undirected,
50,91,Undirected,
50,92,Undirected,
50,94,Undirected,
50,96,Undirected,
50,97,Undirected,
50,102,Undirected,
50,109,Undirected,
50,117,Undirected,
50,119,Undirected,
50,120,Undirected,
50,121,Undirected,
50,122,Undirected,
50,125,Undirected,
50,136,Undirected,
50,139,Undirected,
50,140,Undirected,
50,143,Undirected,
50,151,Undirected,
50,152,Undirected,
50,153,Undirected,
50,158,Undirected,
50,160,Undirected,
51,53,Undirected,
51,55,Undirected,
51,56,Undirected,
51,57,Undirected,
51,64,Undirected,
51,72,Undirected,
51,76,Undirected,
51,81,Undirected,
51,86,Undirected,
51,90,Undirected,
51,92,Undirected,
51,95,Undirected,
51,106,Undirected,
51,109,Undirected,
51,110,Undirected,
51,117,Undirected,
51,119,Undirected,
51,120,Undirected,
51,121,Undirected,
51,122,Undirected,
51,132,Undirected,
51,133,Undirected,
51,135,Undirected,
51,136,Undirected,
51,139,Undirected,
51,140,Undirected,
51,142,Undirected,
51,143,Undirected,
51,149,Undirected,
51,151,Undirected,
51,152,Undirected,
51,153,Undirected,
51,155,Undirected,
51,158,Undirected,
51,160,Undirected,
51,162,Undirected,
52,56,Undirected,
52,60,Undirected,
52,61,Undirected,
52,62,Undirected,
52,64,Undirected,
52,68,Undirected,
52,69,Undirected,
52,90,Undirected,
52,91,Undirected,
52,96,Undirected,
52,101,Undirected,
52,102,Undirected,
52,105,Undirected,
52,115,Undirected,
52,116,Undirected,
52,121,Undirected,
52,122,Undirected,
52,133,Undirected,
52,141,Undirected,
52,144,Undirected,
52,147,Undirected,
52,149,Undirected,
53,54,Undirected,
53,55,Undirected,
53,56,Undirected,
53,58,Undirected,
53,59,Undirected,
53,61,Undirected,
53,62,Undirected,
53,63,Undirected,
53,64,Undirected,
53,75,Undirected,
53,81,Undirected,
53,92,Undirected,
53,93,Undirected,
53,98,Undirected,
53,99,Undirected,
53,106,Undirected,
53,112,Undirected,
53,113,Undirected,
53,114,Undirected,
53,117,Undirected,
53,118,Undirected,
53,119,Undirected,
53,120,Undirected,
53,121,Undirected,
53,122,Undirected,
53,123,Undirected,
53,124,Undirected,
53,127,Undirected,
53,132,Undirected,
53,133,Undirected,
53,134,Undirected,
53,135,Undirected,
53,141,Undirected,
53,144,Undirected,
53,145,Undirected,
53,146,Undirected,
53,148,Undirected,
53,151,Undirected,
53,153,Undirected,
53,157,Undirected,
53,158,Undirected,
54,55,Undirected,
54,56,Undirected,
54,58,Undirected,
54,62,Undirected,
54,63,Undirected,
54,64,Undirected,
54,84,Undirected,
54,85,Undirected,
54,89,Undirected,
54,92,Undirected,
54,93,Undirected,
54,98,Undirected,
54,99,Undirected,
54,106,Undirected,
54,108,Undirected,
54,110,Undirected,
54,111,Undirected,
54,112,Undirected,
54,113,Undirected,
54,114,Undirected,
54,117,Undirected,
54,118,Undirected,
54,120,Undirected,
54,121,Undirected,
54,122,Undirected,
54,124,Undirected,
54,127,Undirected,
54,132,Undirected,
54,133,Undirected,
54,134,Undirected,
54,144,Undirected,
54,146,Undirected,
54,148,Undirected,
54,151,Undirected,
54,153,Undirected,
54,154,Undirected,
55,56,Undirected,
55,58,Undirected,
55,74,Undirected,
55,76,Undirected,
55,77,Undirected,
55,86,Undirected,
55,98,Undirected,
55,99,Undirected,
55,106,Undirected,
55,108,Undirected,
55,110,Undirected,
55,111,Undirected,
55,112,Undirected,
55,113,Undirected,
55,114,Undirected,
55,116,Undirected,
55,118,Undirected,
55,120,Undirected,
55,122,Undirected,
55,123,Undirected,
55,124,Undirected,
55,128,Undirected,
55,144,Undirected,
55,150,Undirected,
55,151,Undirected,
55,152,Undirected,
56,57,Undirected,
56,64,Undirected,
56,65,Undirected,
56,70,Undirected,
56,71,Undirected,
56,79,Undirected,
56,80,Undirected,
56,82,Undirected,
56,86,Undirected,
56,87,Undirected,
56,88,Undirected,
56,89,Undirected,
56,94,Undirected,
56,105,Undirected,
56,114,Undirected,
56,126,Undirected,
56,127,Undirected,
56,133,Undirected,
56,134,Undirected,
56,135,Undirected,
56,136,Undirected,
56,150,Undirected,
56,155,Undirected,
56,156,Undirected,
56,158,Undirected,
56,160,Undirected,
56,162,Undirected,
57,58,Undirected,
57,59,Undirected,
57,64,Undirected,
57,65,Undirected,
57,66,Undirected,
57,67,Undirected,
57,68,Undirected,
57,69,Undirected,
57,70,Undirected,
57,71,Undirected,
57,78,Undirected,
57,79,Undirected,
57,82,Undirected,
57,87,Undirected,
57,88,Undirected,
57,89,Undirected,
57,94,Undirected,
57,98,Undirected,
57,105,Undirected,
57,115,Undirected,
57,116,Undirected,
57,124,Undirected,
57,126,Undirected,
57,128,Undirected,
57,134,Undirected,
57,135,Undirected,
57,136,Undirected,
57,137,Undirected,
57,138,Undirected,
57,140,Undirected,
57,143,Undirected,
57,149,Undirected,
57,150,Undirected,
57,152,Undirected,
57,156,Undirected,
57,158,Undirected,
57,162,Undirected,
58,59,Undirected,
58,62,Undirected,
58,63,Undirected,
58,66,Undirected,
58,67,Undirected,
58,74,Undirected,
58,75,Undirected,
58,82,Undirected,
58,88,Undirected,
58,89,Undirected,
58,92,Undirected,
58,93,Undirected,
58,94,Undirected,
58,96,Undirected,
58,97,Undirected,
58,98,Undirected,
58,99,Undirected,
58,101,Undirected,
58,106,Undirected,
58,124,Undirected,
58,126,Undirected,
58,132,Undirected,
58,133,Undirected,
58,136,Undirected,
58,140,Undirected,
58,141,Undirected,
58,144,Undirected,
58,145,Undirected,
58,146,Undirected,
58,154,Undirected,
58,163,Undirected,
59,66,Undirected,
59,67,Undirected,
59,74,Undirected,
59,75,Undirected,
59,77,Undirected,
59,82,Undirected,
59,88,Undirected,
59,89,Undirected,
59,94,Undirected,
59,96,Undirected,
59,97,Undirected,
59,98,Undirected,
59,99,Undirected,
59,106,Undirected,
59,109,Undirected,
59,110,Undirected,
59,124,Undirected,
59,126,Undirected,
59,128,Undirected,
59,136,Undirected,
59,140,Undirected,
59,141,Undirected,
59,144,Undirected,
59,145,Undirected,
59,146,Undirected,
59,162,Undirected,
59,164,Undirected,
60,61,Undirected,
60,64,Undirected,
60,71,Undirected,
60,73,Undirected,
60,76,Undirected,
60,77,Undirected,
60,82,Undirected,
60,83,Undirected,
60,90,Undirected,
60,102,Undirected,
60,103,Undirected,
60,104,Undirected,
60,105,Undirected,
60,112,Undirected,
60,124,Undirected,
60,129,Undirected,
60,130,Undirected,
60,131,Undirected,
60,133,Undirected,
60,135,Undirected,
60,137,Undirected,
60,145,Undirected,
60,146,Undirected,
60,147,Undirected,
60,153,Undirected,
60,154,Undirected,
60,156,Undirected,
60,157,Undirected,
60,158,Undirected,
60,159,Undirected,
60,160,Undirected,
61,64,Undirected,
61,71,Undirected,
61,72,Undirected,
61,73,Undirected,
61,82,Undirected,
61,83,Undirected,
61,86,Undirected,
61,87,Undirected,
61,91,Undirected,
61,95,Undirected,
61,102,Undirected,
61,103,Undirected,
61,104,Undirected,
61,105,Undirected,
61,111,Undirected,
61,112,Undirected,
61,123,Undirected,
61,124,Undirected,
61,130,Undirected,
61,132,Undirected,
61,146,Undirected,
61,150,Undirected,
61,158,Undirected,
61,159,Undirected,
61,160,Undirected,
62,63,Undirected,
62,65,Undirected,
62,68,Undirected,
62,69,Undirected,
62,70,Undirected,
62,71,Undirected,
62,72,Undirected,
62,73,Undirected,
62,74,Undirected,
62,75,Undirected,
62,80,Undirected,
62,92,Undirected,
62,93,Undirected,
62,94,Undirected,
62,98,Undirected,
62,99,Undirected,
62,105,Undirected,
62,111,Undirected,
62,112,Undirected,
62,121,Undirected,
62,131,Undirected,
62,133,Undirected,
62,140,Undirected,
62,141,Undirected,
62,142,Undirected,
62,143,Undirected,
62,157,Undirected,
62,160,Undirected,
63,65,Undirected,
63,68,Undirected,
63,69,Undirected,
63,70,Undirected,
63,71,Undirected,
63,72,Undirected,
63,73,Undirected,
63,75,Undirected,
63,76,Undirected,
63,78,Undirected,
63,79,Undirected,
63,80,Undirected,
63,88,Undirected,
63,92,Undirected,
63,93,Undirected,
63,94,Undirected,
63,98,Undirected,
63,99,Undirected,
63,104,Undirected,
63,105,Undirected,
63,132,Undirected,
63,133,Undirected,
63,140,Undirected,
63,141,Undirected,
63,142,Undirected,
63,143,Undirected,
63,147,Undirected,
63,154,Undirected,
64,65,Undirected,
64,66,Undirected,
64,67,Undirected,
64,71,Undirected,
64,72,Undirected,
64,76,Undirected,
64,88,Undirected,
64,89,Undirected,
64,92,Undirected,
64,96,Undirected,
64,97,Undirected,
64,100,Undirected,
64,101,Undirected,
64,102,Undirected,
64,103,Undirected,
64,104,Undirected,
64,105,Undirected,
64,106,Undirected,
64,111,Undirected,
64,112,Undirected,
64,113,Undirected,
64,114,Undirected,
64,120,Undirected,
64,121,Undirected,
64,122,Undirected,
64,123,Undirected,
64,124,Undirected,
64,125,Undirected,
64,126,Undirected,
64,127,Undirected,
64,128,Undirected,
64,132,Undirected,
64,144,Undirected,
64,146,Undirected,
64,150,Undirected,
64,158,Undirected,
65,66,Undirected,
65,67,Undirected,
65,72,Undirected,
65,73,Undirected,
65,80,Undirected,
65,84,Undirected,
65,89,Undirected,
65,93,Undirected,
65,97,Undirected,
65,100,Undirected,
65,101,Undirected,
65,102,Undirected,
65,103,Undirected,
65,105,Undirected,
65,106,Undirected,
65,111,Undirected,
65,113,Undirected,
65,114,Undirected,
65,117,Undirected,
65,124,Undirected,
65,126,Undirected,
65,127,Undirected,
65,128,Undirected,
65,129,Undirected,
65,133,Undirected,
65,134,Undirected,
65,135,Undirected,
65,147,Undirected,
66,67,Undirected,
66,71,Undirected,
66,78,Undirected,
66,79,Undirected,
66,81,Undirected,
66,88,Undirected,
66,89,Undirected,
66,90,Undirected,
66,92,Undirected,
66,93,Undirected,
66,104,Undirected,
66,113,Undirected,
66,124,Undirected,
66,127,Undirected,
66,128,Undirected,
66,132,Undirected,
66,136,Undirected,
66,137,Undirected,
66,138,Undirected,
66,139,Undirected,
66,140,Undirected,
66,147,Undirected,
66,148,Undirected,
66,151,Undirected,
66,152,Undirected,
66,154,Undirected,
67,72,Undirected,
67,78,Undirected,
67,79,Undirected,
67,81,Undirected,
67,82,Undirected,
67,88,Undirected,
67,89,Undirected,
67,90,Undirected,
67,91,Undirected,
67,101,Undirected,
67,107,Undirected,
67,111,Undirected,
67,113,Undirected,
67,114,Undirected,
67,116,Undirected,
67,122,Undirected,
67,126,Undirected,
67,127,Undirected,
67,128,Undirected,
67,129,Undirected,
67,136,Undirected,
67,138,Undirected,
67,139,Undirected,
67,140,Undirected,
67,147,Undirected,
67,148,Undirected,
67,151,Undirected,
67,152,Undirected,
67,158,Undirected,
67,161,Undirected,
68,69,Undirected,
68,70,Undirected,
68,71,Undirected,
68,74,Undirected,
68,82,Undirected,
68,84,Undirected,
68,85,Undirected,
68,86,Undirected,
68,87,Undirected,
68,88,Undirected,
68,89,Undirected,
68,94,Undirected,
68,95,Undirected,
68,98,Undirected,
68,109,Undirected,
68,110,Undirected,
68,116,Undirected,
68,117,Undirected,
68,118,Undirected,
68,119,Undirected,
68,120,Undirected,
68,122,Undirected,
68,133,Undirected,
68,136,Undirected,
68,150,Undirected,
68,154,Undirected,
68,164,Undirected,
69,70,Undirected,
69,71,Undirected,
69,73,Undirected,
69,76,Undirected,
69,77,Undirected,
69,78,Undirected,
69,79,Undirected,
69,80,Undirected,
69,81,Undirected,
69,88,Undirected,
69,89,Undirected,
69,98,Undirected,
69,99,Undirected,
69,104,Undirected,
69,105,Undirected,
69,107,Undirected,
69,108,Undirected,
69,115,Undirected,
69,116,Undirected,
69,118,Undirected,
69,119,Undirected,
69,120,Undirected,
69,121,Undirected,
69,132,Undirected,
69,133,Undirected,
69,135,Undirected,
69,136,Undirected,
69,137,Undirected,
69,142,Undirected,
69,143,Undirected,
69,145,Undirected,
69,153,Undirected,
69,154,Undirected,
69,159,Undirected,
69,160,Undirected,
69,163,Undirected,
70,71,Undirected,
70,72,Undirected,
70,73,Undirected,
70,74,Undirected,
70,75,Undirected,
70,77,Undirected,
70,78,Undirected,
70,79,Undirected,
70,80,Undirected,
70,88,Undirected,
70,89,Undirected,
70,90,Undirected,
70,91,Undirected,
70,94,Undirected,
70,95,Undirected,
70,99,Undirected,
70,101,Undirected,
70,103,Undirected,
70,105,Undirected,
70,111,Undirected,
70,112,Undirected,
70,114,Undirected,
70,115,Undirected,
70,116,Undirected,
70,118,Undirected,
70,119,Undirected,
70,120,Undirected,
70,121,Undirected,
70,122,Undirected,
70,126,Undirected,
70,128,Undirected,
70,134,Undirected,
70,135,Undirected,
70,136,Undirected,
70,141,Undirected,
70,142,Undirected,
70,143,Undirected,
70,155,Undirected,
70,157,Undirected,
71,72,Undirected,
71,73,Undirected,
71,75,Undirected,
71,76,Undirected,
71,77,Undirected,
71,78,Undirected,
71,79,Undirected,
71,80,Undirected,
71,81,Undirected,
71,88,Undirected,
71,89,Undirected,
71,90,Undirected,
71,91,Undirected,
71,94,Undirected,
71,98,Undirected,
71,99,Undirected,
71,104,Undirected,
71,105,Undirected,
71,111,Undirected,
71,114,Undirected,
71,115,Undirected,
71,116,Undirected,
71,126,Undirected,
71,128,Undirected,
71,134,Undirected,
71,136,Undirected,
71,137,Undirected,
71,138,Undirected,
71,141,Undirected,
71,142,Undirected,
71,143,Undirected,
71,153,Undirected,
71,154,Undirected,
71,158,Undirected,
72,73,Undirected,
72,74,Undirected,
72,75,Undirected,
72,83,Undirected,
72,84,Undirected,
72,85,Undirected,
72,96,Undirected,
72,97,Undirected,
72,98,Undirected,
72,99,Undirected,
72,106,Undirected,
72,107,Undirected,
72,109,Undirected,
72,111,Undirected,
72,112,Undirected,
72,113,Undirected,
72,114,Undirected,
72,115,Undirected,
72,116,Undirected,
72,119,Undirected,
72,121,Undirected,
72,122,Undirected,
72,126,Undirected,
72,127,Undirected,
72,128,Undirected,
72,133,Undirected,
72,135,Undirected,
72,141,Undirected,
72,142,Undirected,
72,143,Undirected,
72,144,Undirected,
72,145,Undirected,
72,147,Undirected,
72,161,Undirected,
72,162,Undirected,
73,74,Undirected,
73,75,Undirected,
73,84,Undirected,
73,85,Undirected,
73,87,Undirected,
73,89,Undirected,
73,98,Undirected,
73,99,Undirected,
73,107,Undirected,
73,108,Undirected,
73,109,Undirected,
73,111,Undirected,
73,113,Undirected,
73,114,Undirected,
73,115,Undirected,
73,116,Undirected,
73,119,Undirected,
73,123,Undirected,
73,126,Undirected,
73,128,Undirected,
73,141,Undirected,
73,142,Undirected,
73,143,Undirected,
73,146,Undirected,
73,154,Undirected,
73,156,Undirected,
73,162,Undirected,
74,75,Undirected,
74,76,Undirected,
74,77,Undirected,
74,79,Undirected,
74,81,Undirected,
74,83,Undirected,
74,84,Undirected,
74,85,Undirected,
74,87,Undirected,
74,89,Undirected,
74,90,Undirected,
74,96,Undirected,
74,97,Undirected,
74,98,Undirected,
74,99,Undirected,
74,101,Undirected,
74,103,Undirected,
74,105,Undirected,
74,107,Undirected,
74,108,Undirected,
74,109,Undirected,
74,110,Undirected,
74,111,Undirected,
74,112,Undirected,
74,115,Undirected,
74,116,Undirected,
74,118,Undirected,
74,119,Undirected,
74,121,Undirected,
74,122,Undirected,
74,125,Undirected,
74,126,Undirected,
74,128,Undirected,
74,129,Undirected,
74,133,Undirected,
74,135,Undirected,
74,137,Undirected,
74,138,Undirected,
74,139,Undirected,
74,141,Undirected,
74,142,Undirected,
74,143,Undirected,
74,145,Undirected,
74,146,Undirected,
74,148,Undirected,
74,149,Undirected,
74,151,Undirected,
74,153,Undirected,
74,157,Undirected,
74,158,Undirected,
74,161,Undirected,
74,162,Undirected,
74,164,Undirected,
75,81,Undirected,
75,88,Undirected,
75,89,Undirected,
75,91,Undirected,
75,93,Undirected,
75,94,Undirected,
75,96,Undirected,
75,97,Undirected,
75,98,Undirected,
75,99,Undirected,
75,100,Undirected,
75,101,Undirected,
75,102,Undirected,
75,103,Undirected,
75,105,Undirected,
75,106,Undirected,
75,107,Undirected,
75,108,Undirected,
75,109,Undirected,
75,110,Undirected,
75,111,Undirected,
75,116,Undirected,
75,123,Undirected,
75,126,Undirected,
75,128,Undirected,
75,129,Undirected,
75,130,Undirected,
75,132,Undirected,
75,135,Undirected,
75,137,Undirected,
75,138,Undirected,
75,139,Undirected,
75,140,Undirected,
75,141,Undirected,
75,142,Undirected,
75,143,Undirected,
75,145,Undirected,
75,146,Undirected,
75,148,Undirected,
75,149,Undirected,
75,151,Undirected,
75,153,Undirected,
75,156,Undirected,
75,157,Undirected,
75,163,Undirected,
75,164,Undirected,
76,77,Undirected,
76,78,Undirected,
76,79,Undirected,
76,80,Undirected,
76,81,Undirected,
76,91,Undirected,
76,94,Undirected,
76,103,Undirected,
76,110,Undirected,
76,128,Undirected,
76,129,Undirected,
76,137,Undirected,
76,144,Undirected,
76,145,Undirected,
76,146,Undirected,
76,147,Undirected,
76,150,Undirected,
76,151,Undirected,
76,152,Undirected,
76,154,Undirected,
76,157,Undirected,
76,158,Undirected,
76,160,Undirected,
77,78,Undirected,
77,79,Undirected,
77,81,Undirected,
77,91,Undirected,
77,94,Undirected,
77,96,Undirected,
77,97,Undirected,
77,103,Undirected,
77,109,Undirected,
77,110,Undirected,
77,121,Undirected,
77,122,Undirected,
77,128,Undirected,
77,129,Undirected,
77,135,Undirected,
77,137,Undirected,
77,145,Undirected,
77,146,Undirected,
77,147,Undirected,
77,149,Undirected,
77,152,Undirected,
77,153,Undirected,
77,155,Undirected,
77,159,Undirected,
77,160,Undirected,
77,162,Undirected,
77,164,Undirected,
78,79,Undirected,
78,80,Undirected,
78,81,Undirected,
78,84,Undirected,
78,86,Undirected,
78,88,Undirected,
78,89,Undirected,
78,92,Undirected,
78,93,Undirected,
78,94,Undirected,
78,104,Undirected,
78,105,Undirected,
78,107,Undirected,
78,124,Undirected,
78,133,Undirected,
78,135,Undirected,
78,136,Undirected,
78,137,Undirected,
78,138,Undirected,
78,140,Undirected,
78,142,Undirected,
78,143,Undirected,
78,145,Undirected,
78,146,Undirected,
78,147,Undirected,
78,148,Undirected,
78,149,Undirected,
78,155,Undirected,
78,157,Undirected,
79,80,Undirected,
79,81,Undirected,
79,82,Undirected,
79,83,Undirected,
79,84,Undirected,
79,85,Undirected,
79,88,Undirected,
79,89,Undirected,
79,97,Undirected,
79,104,Undirected,
79,105,Undirected,
79,107,Undirected,
79,108,Undirected,
79,109,Undirected,
79,110,Undirected,
79,117,Undirected,
79,119,Undirected,
79,129,Undirected,
79,134,Undirected,
79,135,Undirected,
79,136,Undirected,
79,137,Undirected,
79,138,Undirected,
79,142,Undirected,
79,143,Undirected,
79,145,Undirected,
79,146,Undirected,
79,148,Undirected,
79,158,Undirected,
79,162,Undirected,
79,163,Undirected,
79,164,Undirected,
80,81,Undirected,
80,86,Undirected,
80,92,Undirected,
80,93,Undirected,
80,94,Undirected,
80,95,Undirected,
80,98,Undirected,
80,99,Undirected,
80,104,Undirected,
80,111,Undirected,
80,133,Undirected,
80,138,Undirected,
80,142,Undirected,
80,147,Undirected,
80,148,Undirected,
80,149,Undirected,
80,150,Undirected,
80,155,Undirected,
80,157,Undirected,
80,160,Undirected,
81,86,Undirected,
81,88,Undirected,
81,104,Undirected,
81,106,Undirected,
81,107,Undirected,
81,108,Undirected,
81,109,Undirected,
81,110,Undirected,
81,114,Undirected,
81,129,Undirected,
81,137,Undirected,
81,138,Undirected,
81,144,Undirected,
81,145,Undirected,
81,146,Undirected,
81,147,Undirected,
81,148,Undirected,
81,149,Undirected,
81,150,Undirected,
81,153,Undirected,
81,155,Undirected,
81,157,Undirected,
81,158,Undirected,
81,164,Undirected,
82,83,Undirected,
82,84,Undirected,
82,85,Undirected,
82,86,Undirected,
82,87,Undirected,
82,88,Undirected,
82,91,Undirected,
82,100,Undirected,
82,102,Undirected,
82,107,Undirected,
82,108,Undirected,
82,115,Undirected,
82,116,Undirected,
82,119,Undirected,
82,120,Undirected,
82,128,Undirected,
82,129,Undirected,
82,135,Undirected,
82,136,Undirected,
82,137,Undirected,
82,140,Undirected,
82,142,Undirected,
82,143,Undirected,
82,163,Undirected,
83,84,Undirected,
83,85,Undirected,
83,87,Undirected,
83,95,Undirected,
83,99,Undirected,
83,102,Undirected,
83,103,Undirected,
83,105,Undirected,
83,107,Undirected,
83,108,Undirected,
83,109,Undirected,
83,110,Undirected,
83,111,Undirected,
83,112,Undirected,
83,120,Undirected,
83,123,Undirected,
83,128,Undirected,
83,129,Undirected,
83,133,Undirected,
83,137,Undirected,
83,143,Undirected,
83,145,Undirected,
83,147,Undirected,
83,157,Undirected,
83,163,Undirected,
83,164,Undirected,
84,85,Undirected,
84,86,Undirected,
84,87,Undirected,
84,90,Undirected,
84,95,Undirected,
84,107,Undirected,
84,108,Undirected,
84,109,Undirected,
84,110,Undirected,
84,113,Undirected,
84,115,Undirected,
84,116,Undirected,
84,117,Undirected,
84,118,Undirected,
84,119,Undirected,
84,120,Undirected,
84,128,Undirected,
84,129,Undirected,
84,135,Undirected,
84,137,Undirected,
84,142,Undirected,
84,143,Undirected,
84,144,Undirected,
84,145,Undirected,
84,154,Undirected,
84,163,Undirected,
84,164,Undirected,
85,86,Undirected,
85,87,Undirected,
85,89,Undirected,
85,95,Undirected,
85,107,Undirected,
85,108,Undirected,
85,109,Undirected,
85,110,Undirected,
85,113,Undirected,
85,115,Undirected,
85,116,Undirected,
85,117,Undirected,
85,118,Undirected,
85,119,Undirected,
85,120,Undirected,
85,122,Undirected,
85,123,Undirected,
85,128,Undirected,
85,129,Undirected,
85,137,Undirected,
85,143,Undirected,
85,145,Undirected,
85,153,Undirected,
85,154,Undirected,
85,163,Undirected,
85,164,Undirected,
86,87,Undirected,
86,93,Undirected,
86,95,Undirected,
86,102,Undirected,
86,103,Undirected,
86,105,Undirected,
86,107,Undirected,
86,108,Undirected,
86,110,Undirected,
86,113,Undirected,
86,114,Undirected,
86,115,Undirected,
86,116,Undirected,
86,128,Undirected,
86,146,Undirected,
86,149,Undirected,
86,150,Undirected,
86,151,Undirected,
86,152,Undirected,
86,157,Undirected,
86,159,Undirected,
86,161,Undirected,
86,162,Undirected,
86,164,Undirected,
87,88,Undirected,
87,89,Undirected,
87,94,Undirected,
87,95,Undirected,
87,99,Undirected,
87,102,Undirected,
87,107,Undirected,
87,108,Undirected,
87,109,Undirected,
87,110,Undirected,
87,115,Undirected,
87,116,Undirected,
87,117,Undirected,
87,118,Undirected,
87,119,Undirected,
87,123,Undirected,
87,128,Undirected,
87,129,Undirected,
87,136,Undirected,
87,140,Undirected,
87,145,Undirected,
87,146,Undirected,
87,147,Undirected,
87,149,Undirected,
87,150,Undirected,
87,152,Undirected,
87,153,Undirected,
87,158,Undirected,
87,162,Undirected,
87,163,Undirected,
87,164,Undirected,
88,89,Undirected,
88,94,Undirected,
88,98,Undirected,
88,99,Undirected,
88,104,Undirected,
88,105,Undirected,
88,124,Undirected,
88,127,Undirected,
88,132,Undirected,
88,134,Undirected,
88,135,Undirected,
88,136,Undirected,
88,137,Undirected,
88,138,Undirected,
88,140,Undirected,
88,141,Undirected,
88,154,Undirected,
88,158,Undirected,
88,163,Undirected,
89,94,Undirected,
89,95,Undirected,
89,98,Undirected,
89,99,Undirected,
89,110,Undirected,
89,116,Undirected,
89,123,Undirected,
89,124,Undirected,
89,132,Undirected,
89,133,Undirected,
89,134,Undirected,
89,135,Undirected,
89,136,Undirected,
89,137,Undirected,
89,138,Undirected,
89,140,Undirected,
89,141,Undirected,
89,147,Undirected,
89,152,Undirected,
89,158,Undirected,
89,163,Undirected,
90,91,Undirected,
90,92,Undirected,
90,93,Undirected,
90,99,Undirected,
90,101,Undirected,
90,105,Undirected,
90,108,Undirected,
90,109,Undirected,
90,116,Undirected,
90,117,Undirected,
90,118,Undirected,
90,119,Undirected,
90,120,Undirected,
90,122,Undirected,
90,125,Undirected,
90,128,Undirected,
90,139,Undirected,
90,140,Undirected,
90,141,Undirected,
90,142,Undirected,
90,143,Undirected,
90,147,Undirected,
90,149,Undirected,
90,151,Undirected,
91,100,Undirected,
91,101,Undirected,
91,102,Undirected,
91,116,Undirected,
91,125,Undirected,
91,128,Undirected,
91,130,Undirected,
91,138,Undirected,
91,139,Undirected,
91,140,Undirected,
91,141,Undirected,
91,142,Undirected,
91,143,Undirected,
91,144,Undirected,
91,147,Undirected,
91,151,Undirected,
91,152,Undirected,
91,157,Undirected,
91,159,Undirected,
91,161,Undirected,
91,162,Undirected,
91,163,Undirected,
92,93,Undirected,
92,96,Undirected,
92,98,Undirected,
92,99,Undirected,
92,104,Undirected,
92,105,Undirected,
92,108,Undirected,
92,113,Undirected,
92,120,Undirected,
92,121,Undirected,
92,122,Undirected,
92,124,Undirected,
92,127,Undirected,
92,132,Undirected,
92,133,Undirected,
92,137,Undirected,
92,138,Undirected,
92,140,Undirected,
92,147,Undirected,
93,96,Undirected,
93,97,Undirected,
93,98,Undirected,
93,99,Undirected,
93,100,Undirected,
93,104,Undirected,
93,105,Undirected,
93,108,Undirected,
93,123,Undirected,
93,124,Undirected,
93,125,Undirected,
93,127,Undirected,
93,132,Undirected,
93,133,Undirected,
93,137,Undirected,
93,140,Undirected,
93,147,Undirected,
93,151,Undirected,
93,155,Undirected,
93,157,Undirected,
94,95,Undirected,
94,120,Undirected,
94,126,Undirected,
94,133,Undirected,
94,134,Undirected,
94,135,Undirected,
94,136,Undirected,
94,141,Undirected,
94,142,Undirected,
94,148,Undirected,
94,150,Undirected,
94,153,Undirected,
94,156,Undirected,
94,158,Undirected,
94,160,Undirected,
94,161,Undirected,
94,162,Undirected,
95,96,Undirected,
95,97,Undirected,
95,115,Undirected,
95,116,Undirected,
95,119,Undirected,
95,120,Undirected,
95,122,Undirected,
95,129,Undirected,
95,133,Undirected,
95,143,Undirected,
95,147,Undirected,
95,150,Undirected,
95,153,Undirected,
95,154,Undirected,
95,156,Undirected,
95,158,Undirected,
95,160,Undirected,
95,163,Undirected,
96,97,Undirected,
96,98,Undirected,
96,99,Undirected,
96,103,Undirected,
96,111,Undirected,
96,112,Undirected,
96,121,Undirected,
96,126,Undirected,
96,140,Undirected,
96,141,Undirected,
96,145,Undirected,
96,146,Undirected,
96,150,Undirected,
96,151,Undirected,
96,162,Undirected,
97,98,Undirected,
97,99,Undirected,
97,103,Undirected,
97,107,Undirected,
97,109,Undirected,
97,111,Undirected,
97,112,Undirected,
97,119,Undirected,
97,121,Undirected,
97,126,Undirected,
97,128,Undirected,
97,130,Undirected,
97,141,Undirected,
97,145,Undirected,
97,146,Undirected,
97,150,Undirected,
97,151,Undirected,
97,158,Undirected,
97,162,Undirected,
97,164,Undirected,
98,99,Undirected,
98,105,Undirected,
98,123,Undirected,
98,127,Undirected,
98,132,Undirected,
98,133,Undirected,
98,136,Undirected,
98,137,Undirected,
98,140,Undirected,
98,141,Undirected,
98,144,Undirected,
98,146,Undirected,
99,103,Undirected,
99,105,Undirected,
99,106,Undirected,
99,109,Undirected,
99,123,Undirected,
99,127,Undirected,
99,132,Undirected,
99,133,Undirected,
99,141,Undirected,
99,142,Undirected,
99,143,Undirected,
99,144,Undirected,
99,145,Undirected,
99,146,Undirected,
99,148,Undirected,
99,150,Undirected,
99,158,Undirected,
99,164,Undirected,
100,101,Undirected,
100,102,Undirected,
100,103,Undirected,
100,105,Undirected,
100,106,Undirected,
100,113,Undirected,
100,126,Undirected,
100,137,Undirected,
100,138,Undirected,
100,141,Undirected,
100,142,Undirected,
100,147,Undirected,
100,155,Undirected,
100,157,Undirected,
100,162,Undirected,
101,102,Undirected,
101,103,Undirected,
101,105,Undirected,
101,106,Undirected,
101,113,Undirected,
101,117,Undirected,
101,133,Undirected,
101,134,Undirected,
101,138,Undirected,
101,140,Undirected,
101,141,Undirected,
101,142,Undirected,
101,143,Undirected,
101,147,Undirected,
101,148,Undirected,
101,151,Undirected,
101,152,Undirected,
101,155,Undirected,
101,157,Undirected,
102,103,Undirected,
102,105,Undirected,
102,106,Undirected,
102,113,Undirected,
102,114,Undirected,
102,126,Undirected,
102,137,Undirected,
102,138,Undirected,
102,141,Undirected,
102,142,Undirected,
102,143,Undirected,
102,146,Undirected,
103,105,Undirected,
103,106,Undirected,
103,113,Undirected,
103,121,Undirected,
103,123,Undirected,
103,137,Undirected,
103,141,Undirected,
103,146,Undirected,
103,164,Undirected,
104,105,Undirected,
104,111,Undirected,
104,112,Undirected,
104,114,Undirected,
104,117,Undirected,
104,118,Undirected,
104,123,Undirected,
104,124,Undirected,
104,125,Undirected,
104,127,Undirected,
104,128,Undirected,
104,133,Undirected,
104,138,Undirected,
104,145,Undirected,
104,148,Undirected,
104,149,Undirected,
104,155,Undirected,
104,157,Undirected,
104,158,Undirected,
104,164,Undirected,
105,124,Undirected,
105,132,Undirected,
105,136,Undirected,
105,141,Undirected,
105,146,Undirected,
105,150,Undirected,
105,156,Undirected,
105,160,Undirected,
106,107,Undirected,
106,113,Undirected,
106,114,Undirected,
106,120,Undirected,
106,121,Undirected,
106,122,Undirected,
106,123,Undirected,
106,127,Undirected,
106,144,Undirected,
106,146,Undirected,
106,147,Undirected,
106,148,Undirected,
106,150,Undirected,
106,155,Undirected,
106,157,Undirected,
106,164,Undirected,
107,108,Undirected,
107,109,Undirected,
107,110,Undirected,
107,115,Undirected,
107,116,Undirected,
107,117,Undirected,
107,118,Undirected,
107,119,Undirected,
107,120,Undirected,
107,121,Undirected,
107,122,Undirected,
107,123,Undirected,
107,124,Undirected,
107,128,Undirected,
107,129,Undirected,
107,130,Undirected,
107,131,Undirected,
107,132,Undirected,
107,137,Undirected,
107,138,Undirected,
107,141,Undirected,
107,142,Undirected,
107,143,Undirected,
107,145,Undirected,
107,146,Undirected,
107,149,Undirected,
107,151,Undirected,
107,154,Undirected,
107,158,Undirected,
107,160,Undirected,
107,162,Undirected,
107,163,Undirected,
107,164,Undirected,
108,109,Undirected,
108,110,Undirected,
108,113,Undirected,
108,115,Undirected,
108,116,Undirected,
108,117,Undirected,
108,118,Undirected,
108,119,Undirected,
108,120,Undirected,
108,121,Undirected,
108,122,Undirected,
108,123,Undirected,
108,125,Undirected,
108,127,Undirected,
108,128,Undirected,
108,129,Undirected,
108,130,Undirected,
108,132,Undirected,
108,137,Undirected,
108,141,Undirected,
108,145,Undirected,
108,146,Undirected,
108,149,Undirected,
108,163,Undirected,
108,164,Undirected,
109,110,Undirected,
109,115,Undirected,
109,116,Undirected,
109,117,Undirected,
109,118,Undirected,
109,119,Undirected,
109,120,Undirected,
109,121,Undirected,
109,122,Undirected,
109,123,Undirected,
109,128,Undirected,
109,129,Undirected,
109,130,Undirected,
109,132,Undirected,
109,133,Undirected,
109,135,Undirected,
109,139,Undirected,
109,141,Undirected,
109,143,Undirected,
109,145,Undirected,
109,146,Undirected,
109,149,Undirected,
109,157,Undirected,
109,158,Undirected,
109,160,Undirected,
109,161,Undirected,
109,162,Undirected,
109,163,Undirected,
109,164,Undirected,
110,115,Undirected,
110,116,Undirected,
110,117,Undirected,
110,118,Undirected,
110,119,Undirected,
110,120,Undirected,
110,121,Undirected,
110,122,Undirected,
110,128,Undirected,
110,129,Undirected,
110,130,Undirected,
110,141,Undirected,
110,143,Undirected,
110,144,Undirected,
110,145,Undirected,
110,146,Undirected,
110,149,Undirected,
110,159,Undirected,
110,160,Undirected,
110,161,Undirected,
110,162,Undirected,
110,163,Undirected,
110,164,Undirected,
111,112,Undirected,
111,113,Undirected,
111,114,Undirected,
111,115,Undirected,
111,116,Undirected,
111,121,Undirected,
111,123,Undirected,
111,124,Undirected,
111,125,Undirected,
111,126,Undirected,
111,127,Undirected,
111,128,Undirected,
111,141,Undirected,
111,145,Undirected,
111,157,Undirected,
112,113,Undirected,
112,114,Undirected,
112,116,Undirected,
112,118,Undirected,
112,120,Undirected,
112,121,Undirected,
112,123,Undirected,
112,124,Undirected,
112,125,Undirected,
112,126,Undirected,
112,127,Undirected,
112,128,Undirected,
112,141,Undirected,
112,144,Undirected,
112,145,Undirected,
112,157,Undirected,
112,158,Undirected,
112,164,Undirected,
113,114,Undirected,
113,115,Undirected,
113,116,Undirected,
113,122,Undirected,
113,125,Undirected,
113,126,Undirected,
113,127,Undirected,
113,128,Undirected,
113,129,Undirected,
113,144,Undirected,
113,145,Undirected,
113,155,Undirected,
113,156,Undirected,
113,159,Undirected,
114,115,Undirected,
114,116,Undirected,
114,123,Undirected,
114,124,Undirected,
114,125,Undirected,
114,126,Undirected,
114,127,Undirected,
114,128,Undirected,
114,132,Undirected,
114,136,Undirected,
114,144,Undirected,
114,151,Undirected,
114,153,Undirected,
114,161,Undirected,
115,116,Undirected,
115,118,Undirected,
115,119,Undirected,
115,120,Undirected,
115,121,Undirected,
115,122,Undirected,
115,123,Undirected,
115,124,Undirected,
115,127,Undirected,
115,128,Undirected,
115,129,Undirected,
115,130,Undirected,
115,132,Undirected,
115,136,Undirected,
115,138,Undirected,
115,141,Undirected,
115,146,Undirected,
115,147,Undirected,
115,154,Undirected,
115,155,Undirected,
115,156,Undirected,
115,163,Undirected,
115,164,Undirected,
116,118,Undirected,
116,119,Undirected,
116,120,Undirected,
116,122,Undirected,
116,126,Undirected,
116,127,Undirected,
116,128,Undirected,
116,129,Undirected,
116,130,Undirected,
116,136,Undirected,
116,141,Undirected,
116,144,Undirected,
116,146,Undirected,
116,150,Undirected,
116,151,Undirected,
116,153,Undirected,
116,161,Undirected,
116,163,Undirected,
116,164,Undirected,
117,118,Undirected,
117,119,Undirected,
117,120,Undirected,
117,121,Undirected,
117,122,Undirected,
117,130,Undirected,
117,144,Undirected,
117,153,Undirected,
117,154,Undirected,
117,159,Undirected,
117,160,Undirected,
117,162,Undirected,
117,163,Undirected,
117,164,Undirected,
118,119,Undirected,
118,120,Undirected,
118,121,Undirected,
118,122,Undirected,
118,128,Undirected,
118,129,Undirected,
118,130,Undirected,
118,134,Undirected,
118,141,Undirected,
118,143,Undirected,
118,144,Undirected,
118,153,Undirected,
118,154,Undirected,
118,157,Undirected,
118,159,Undirected,
118,160,Undirected,
118,162,Undirected,
118,163,Undirected,
118,164,Undirected,
119,120,Undirected,
119,121,Undirected,
119,122,Undirected,
119,123,Undirected,
119,128,Undirected,
119,129,Undirected,
119,130,Undirected,
119,138,Undirected,
119,143,Undirected,
119,144,Undirected,
119,147,Undirected,
119,154,Undirected,
119,155,Undirected,
119,159,Undirected,
119,160,Undirected,
119,161,Undirected,
119,162,Undirected,
119,163,Undirected,
119,164,Undirected,
120,121,Undirected,
120,122,Undirected,
120,125,Undirected,
120,127,Undirected,
120,128,Undirected,
120,129,Undirected,
120,130,Undirected,
120,134,Undirected,
120,143,Undirected,
120,144,Undirected,
120,147,Undirected,
120,153,Undirected,
120,154,Undirected,
120,155,Undirected,
120,160,Undirected,
120,163,Undirected,
120,164,Undirected,
121,122,Undirected,
121,125,Undirected,
121,127,Undirected,
121,128,Undirected,
121,129,Undirected,
121,130,Undirected,
121,131,Undirected,
121,141,Undirected,
121,143,Undirected,
121,144,Undirected,
121,145,Undirected,
121,151,Undirected,
121,152,Undirected,
121,160,Undirected,
121,161,Undirected,
121,162,Undirected,
121,163,Undirected,
121,164,Undirected,
122,127,Undirected,
122,128,Undirected,
122,129,Undirected,
122,130,Undirected,
122,131,Undirected,
122,133,Undirected,
122,143,Undirected,
122,144,Undirected,
122,145,Undirected,
122,147,Undirected,
122,162,Undirected,
122,163,Undirected,
122,164,Undirected,
123,124,Undirected,
123,125,Undirected,
123,129,Undirected,
123,130,Undirected,
123,131,Undirected,
123,132,Undirected,
123,142,Undirected,
123,144,Undirected,
123,146,Undirected,
123,156,Undirected,
123,163,Undirected,
124,129,Undirected,
124,130,Undirected,
124,131,Undirected,
124,132,Undirected,
124,135,Undirected,
124,136,Undirected,
124,140,Undirected,
124,143,Undirected,
124,144,Undirected,
124,151,Undirected,
124,163,Undirected,
125,128,Undirected,
125,130,Undirected,
125,132,Undirected,
125,141,Undirected,
125,151,Undirected,
125,152,Undirected,
125,157,Undirected,
125,160,Undirected,
125,164,Undirected,
126,127,Undirected,
126,128,Undirected,
126,136,Undirected,
126,141,Undirected,
126,145,Undirected,
126,146,Undirected,
126,149,Undirected,
126,156,Undirected,
127,128,Undirected,
127,130,Undirected,
127,132,Undirected,
127,135,Undirected,
127,136,Undirected,
127,140,Undirected,
127,145,Undirected,
127,158,Undirected,
127,162,Undirected,
128,129,Undirected,
128,130,Undirected,
128,136,Undirected,
128,141,Undirected,
128,145,Undirected,
128,146,Undirected,
128,149,Undirected,
128,150,Undirected,
128,163,Undirected,
128,164,Undirected,
129,130,Undirected,
129,131,Undirected,
129,132,Undirected,
129,137,Undirected,
129,145,Undirected,
129,146,Undirected,
129,147,Undirected,
129,155,Undirected,
129,157,Undirected,
129,163,Undirected,
129,164,Undirected,
130,131,Undirected,
130,132,Undirected,
130,141,Undirected,
130,151,Undirected,
130,163,Undirected,
130,164,Undirected,
131,132,Undirected,
131,139,Undirected,
131,151,Undirected,
131,154,Undirected,
131,155,Undirected,
131,157,Undirected,
131,163,Undirected,
132,133,Undirected,
132,140,Undirected,
132,141,Undirected,
132,144,Undirected,
132,145,Undirected,
132,146,Undirected,
132,163,Undirected,
132,164,Undirected,
133,134,Undirected,
133,135,Undirected,
133,138,Undirected,
133,140,Undirected,
133,143,Undirected,
133,147,Undirected,
133,151,Undirected,
133,161,Undirected,
134,135,Undirected,
134,136,Undirected,
134,137,Undirected,
134,153,Undirected,
134,158,Undirected,
135,136,Undirected,
135,137,Undirected,
135,143,Undirected,
135,145,Undirected,
135,153,Undirected,
135,158,Undirected,
135,159,Undirected,
135,161,Undirected,
135,162,Undirected,
135,164,Undirected,
136,137,Undirected,
136,138,Undirected,
136,140,Undirected,
136,143,Undirected,
136,149,Undirected,
136,152,Undirected,
136,156,Undirected,
136,158,Undirected,
137,138,Undirected,
137,140,Undirected,
137,142,Undirected,
137,143,Undirected,
137,145,Undirected,
137,148,Undirected,
137,153,Undirected,
137,154,Undirected,
137,162,Undirected,
137,163,Undirected,
138,140,Undirected,
138,141,Undirected,
138,142,Undirected,
138,143,Undirected,
138,144,Undirected,
138,147,Undirected,
138,148,Undirected,
138,151,Undirected,
138,152,Undirected,
138,153,Undirected,
138,155,Undirected,
138,157,Undirected,
138,158,Undirected,
138,161,Undirected,
139,140,Undirected,
139,141,Undirected,
139,142,Undirected,
139,143,Undirected,
139,151,Undirected,
139,152,Undirected,
139,154,Undirected,
140,147,Undirected,
140,152,Undirected,
140,154,Undirected,
141,142,Undirected,
141,143,Undirected,
141,145,Undirected,
141,146,Undirected,
141,151,Undirected,
141,155,Undirected,
141,157,Undirected,
141,164,Undirected,
142,143,Undirected,
142,149,Undirected,
142,150,Undirected,
142,151,Undirected,
142,152,Undirected,
142,156,Undirected,
143,151,Undirected,
143,154,Undirected,
143,158,Undirected,
143,161,Undirected,
143,162,Undirected,
143,163,Undirected,
143,164,Undirected,
144,146,Undirected,
144,147,Undirected,
144,148,Undirected,
144,150,Undirected,
144,151,Undirected,
144,152,Undirected,
144,153,Undirected,
144,155,Undirected,
144,157,Undirected,
144,158,Undirected,
144,161,Undirected,
145,146,Undirected,
145,149,Undirected,
145,158,Undirected,
145,162,Undirected,
145,164,Undirected,
146,149,Undirected,
146,150,Undirected,
146,160,Undirected,
146,164,Undirected,
147,148,Undirected,
147,152,Undirected,
147,155,Undirected,
147,156,Undirected,
147,157,Undirected,
147,158,Undirected,
147,161,Undirected,
148,150,Undirected,
148,155,Undirected,
148,157,Undirected,
148,158,Undirected,
148,160,Undirected,
149,150,Undirected,
149,153,Undirected,
149,157,Undirected,
149,164,Undirected,
150,151,Undirected,
150,156,Undirected,
150,158,Undirected,
150,162,Undirected,
151,152,Undirected,
151,153,Undirected,
151,158,Undirected,
151,159,Undirected,
151,160,Undirected,
152,158,Undirected,
153,154,Undirected,
153,156,Undirected,
153,161,Undirected,
153,162,Undirected,
154,157,Undirected,
154,163,Undirected,
155,156,Undirected,
155,157,Undirected,
156,157,Undirected,
156,158,Undirected,
156,159,Undirected,
157,158,Undirected,
157,164,Undirected,
158,162,Undirected,
158,164,Undirected,
159,160,Undirected,
159,161,Undirected,
159,162,Undirected,
160,161,Undirected,
160,162,Undirected,
160,164,Undirected,
161,162,Undirected,
161,164,Undirected,
162,164,Undirected,
163,164,Undirected,
